리뷰ID,작성자,프로필이미지,평점,작성일,상품옵션,구매자정보,리뷰라벨,리뷰내용
REVIEW_ITEM_4718759968,za****,https://phinf.pstatic.net/contact/20170227_38/1488199994552MD6pU_JPEG/image.jpg?type=f76_76,5,,구성: 싱글세트(1개),,,"백지영씨가 사용해보고 효과를 보셨다셔서 구매한건데 진짜 견인효과로 목디스크에 도움이 많이 되요. 늘 목의 통증 때문에 목이 우그러들어 펴지도 못했는데 넥가드닥터 처음엔 하루 3분씩 1~2번 사용했고, 2주째는 5분씩 1~2번 사용했는데 목이 생기고 통증도 많이 감소했어요. 타이머 꼭 맞추세요~
오버되면 몸에 안좋습니다.
 그리고 저처럼 목, 어깨 통증 있으신 분들은 넥가드닥터 사용하기전에 따뜻한물에 샤워나, 찬물+뜨거운물 섞어서 천천히 한잔 마시고 하시거나, 또는 도리도리 스트레칭이나 오일이나 로션으로 가볍게 목림프 마사지 하신 후 사용하면 더 좋아요.
예를 들자면 물리치료 가서 생각하면, 찜질부터 하고, 한두가지 치료 받고, 꼭 마지막에 견인 하잖아요. 
저는 몸이 충분히 이완된 상태에서 넥가드닥터를 사용하면 더 몸 컨디션이 올라가더라고요.
목 안좋으신 분들께 진심으로 추천하고요. 
개인적으로 허리디스크나 좌골신경통등 척추 안좋으신분들도 하시면 좋을것 같아요. 목 오른편에 신경다발이 온 몸으로 퍼져나가는데, 우선 목이 경직되어 있거나 통증이 있으면 자세가 안좋아져서 허리나 무릎쪽으로도 영향이 가더라고요. 
허리가 안좋으면, 균형을 못잡아 자세가 무너져서 연쇄적으로 목이 원래 안좋은데 더 안좋아지더라고요. 

복잡하게 이야기했는데...몸은 하나고, 신경은 다 연결되어, 이어져 있어서 복합적인 이유로 통증들이 발생을 합니다. 허리 자체의 문제일 수도 있지만, 혹은 허리가 아플때는 목의 신경이 눌렸거나 목의 통증으로 몸의 밸런스가 어긋나서일 수도 있어요.  그 예로 제가 그렇습니다ㅠㅠ
또는 두통이 있을때나 체했을때, 목이 눌려 신경이나 혈관이 눌려 있는 경우 혈액순환에 문제가 있다가 목의 견인을 하면 두통이 사라지기도,  위장이 보글보글 소리를 내며 소화가 되기도 합니다.
몸이 많이 안좋아 n년째 와병중이라 아프신 분들께 도움이 되었으면 해서 이야기가 길어졌네요.
병원6년 넘게 매일 통원치료 하고 있었는데, 이 제품이 훨씬 훨씬 훨씬 효자에 도움되었습니다.
좋은 견인기 정말 감사합니다."
REVIEW_ITEM_4704458471,3527******,https://phinf.pstatic.net/contact/20250407_43/1744014768100e35Sz_JPEG/image.jpg?type=f76_76,5,,예약주문: 4월17일부터 순차출고 / 구성: 싱글세트(1개),,,"""가볍고 간편하게, 우리 가족의 목 건강을 지켜주는 넥가드닥터 NG100""

✅️사용후기
평소 컴퓨터 앞에 오래 앉아 있는 저, 그리고 늘 목이 뻐근하다고 하시던 엄마를 위해 현대메디칼 본사의 넥가드닥터 NG100을 구매하게 되었어요.

사실 이 제품을 처음 알게 된 건 우연히 보게 된 백지영님 유튜브 영상이었는데요. 사용법이 간단해 보이면서도후기들이 하나같이 ""효과 좋다""는 반응이라 호기심 반, 기대 반으로 저도 구매하게 되었답니다.

아무리 좋은 제품이라도 무겁거나 복잡하면 안 쓰게 되잖아요. 근데 이 제품은 가볍고, 사용 절차도 정말 간단해서 어렵지 않게 사용할 수 있었어요.

처음 사용할 땐 살짝 뻐근한 느낌이 있었는데 그게 오히려 근육이 풀리는 느낌으로 다가왔고, 이제는 하루 일과 끝나고 잠깐씩 사용하는 게 저와 엄마의 새로운 루틴이 되었답니다.

한 번 사용으로 모든 게 해결되진 않겠지만 꾸준히 사용할수록 효과가 기대되는 제품이에요.

저처럼 목 통증이 잦거나 가벼운 목 견인기를 찾는 분들께 추천드려요!

✅️한줄요약
사용법은 간단하지만, 효과는 강력한! 우리 가족의 목 건강 파트너예요.

#넥가드닥터NG100 #현대메디칼 #목견인기추천 #목디스크완화 #가정용견인기 #목통증완화템 #엄마선물추천 #백지영유튜브템 #목건강필수템 #일상케어아이템"
REVIEW_ITEM_4705197005,olch******,https://profile-phinf.pstatic.net/404/default.png?type=f80_80,5,,예약주문: 4월17일부터 순차출고 / 구성: 싱글세트(1개),,,"목디스크에 거북목이 있습니다.
폼룰러도 해보고 땅콩볼도 사용해보고 있으나 점점 시원함도 덜하고 게다가 요즘 어깨랑 팔에 통증이 있어서 병원을 다니는데 디스크때문일 수도  있다고 하셔서 물리치료 다니고 있었습니다.
그러다가 우연하게 백지영님 영상을 보고 호기심에 구매했습니다.
광고보고 구매한 적이 많지는 않지만 왠지 광고라 할지라도 안아프면 살겠어서 일단 구매!
예약구매라고 떠서 한참 기다려야 하나보다 생각했는데 금방왔어요~
일단 오자마자 뜯어서 설명서 읽어보고 해봤는데 자세가 맞는지 모르겠지만 살짝 불편한 것도 같고 잘안돼는거같고… 설명서에 처음엔 그럴 수 있다고 해서 다시 몇번 해보니 오~~~~ 폄한 자세를 찾았어요!! 그리고 목이 좀 편안하다고 해야하나 드라마틱하게 완젼 시원해요는 몇번 사용에 좀 오버인 듯하지만 하고나면 개운한건 분명 있었습니다~
남편도 해보고 어렵지않고 아픈게
아니니 할만하다고 하더라구여~

설명서랑 같이 온 업체의 이야기는 광고가 아닌
정말 선한 영향력이라고 해야하려나??
요즘 같이 모두가 힘들 때 우연한 기회가 또다른 선한 영향력으로 퍼지는거같아 기분도 좋았습니다~정말 좋은 제품은 오래오래 함께하면 좋은거니까~ 
재질상 손톱자국이 좀 나는게 너무 안타깝지만
머리 아플 때 10분에서 15분 명상하며 누워있어주면 개운함이 있어 사용할만 합니다"
REVIEW_ITEM_4701088714,now1***,https://profile-phinf.pstatic.net/404/default.png?type=f80_80,5,,구성: 싱글세트(1개),,,"거북목 증상으로 인해 일상생활에서 불편함을 많이 느끼고 있습니다
컴퓨터 앞에 앉아 있는 시간이 길어질수록 목과 어깨에 피로가 쌓이고, 자세가 망가지는 것을 뚜렷이 느끼고 있지요
어떻게든 이 상황을 개선하고자 다양한 방법을 찾아보던 중, 우연히 유튜브 쇼츠 알고리즘으로 이제사 알게되어 ‘넥가드닥터 NG100’이라는 주문했습니다

대략 3cm정도의 두께로 폭신폭신하면서
말랑말랑한한 내구력과 탄력이 좋은 듯한 제품이네요 
처음 사용했을 때, 목의 긴장이 풀리는 느낌이 들었고 뭔가 제자리를 찾아주는 기분과  자세를 바르게 안내해주는 느낌이 들기도 했습니다 처음 사용하니 익숙지 않기도 했지만 앞으로도 꾸준히 사용하면서 건강한 자세를 만들어가고 싶습니다  불편한 목을 위한 선택이었지만, 어느새 마음까지 편안해진 것 같네요
그리고 제품설명서를 읽다가 알게되었는데요
사장님께서 힘든 시기를 이겨내시고,
이제는 선한 영향력까지 펼치시는 모습이 정말 인상 깊었습니다.

사실 쇼츠 영상을 본 순간 바로 ‘이거다!’ 싶었고, 망설임 없이 주문했는데, 이미 수많은 분들이 구매하셨었네요
늘 나만모르고 있는지  나 원 참;;;;;;;
그래도 어제 주문했는데 오늘 수령했어요  
알고보니 작년에는 몇개월씩 기다리는 상황이었는데 지금은 완전 로켓배송이라 좋았습니다 

뭐든 과하지 않고 그리고 꾸준히 해야하는 법, 게으름 피우지않고 하루하루 조금씩 꾸준히 사용하도록 해보겠습니다"
REVIEW_ITEM_4711241944,siji****,https://phinf.pstatic.net/contact/20250418_28/1744950731658yhFCa_JPEG/image.jpg?type=f76_76,5,,구성: 싱글세트(1개),,,"거북목으로 고생하는 남편을 위해서 구매했어요.
머리는 큰편이고 목은짧아서 늘 목이 과부하걸리는지 늘 통증을 호소하거든요.
사용법은 부메랑처럼 제품을 반으로 접어서 누운상태로 목과 머리사이에 끼우면 됩니다.
반으로 덥혔던게 펴지면서 머리를 위로 견인해주면서 목을 빼주는 원리더라구요~
제품을 흰색면 회색면이 있는데 양쪽면모든 사용가능합니다.
매일 아침 저녁으로 사용중인데 처음엔 이게뭔가 하더니 이제는제법 익숙해져서 시원하다고 합니다.
한번 사용해보시길 추천드립니다"
REVIEW_ITEM_4696647699,teuk******,https://profile-phinf.pstatic.net/404/default.png?type=f80_80,5,,구성: 싱글세트(1개),,,"하루에 4~5회정도 10분씩 이용중입니다
작업하다가 목~어깨~등 구간이 뻐근해지면서 뭉치는 느낌 오면 누워서 해줘요

저는 경추 6, 7번 뼈가 붙어있는 퇴행성 목디스크 진단을 받았는데요.. 어떨땐 팔도 저리고 날개뼈 안쪽이 아프고 결리는 느낌이 심해서 잠도 못자고 일상생활도 너무 힘들었어요..

이 제품만 하고나면 100퍼센트 증상이 좋아진다! 이건 아닙니다. 하지만 꾸준히 스트레칭과 바른자세, 간단한 운동도 해주면서 이것도 해주면 내가 이정도면 그래도 살만하다..는 정도는 됩니다.. 이 제품을 이용하기 전과 후가 확실히 차이가 있습니다.

여성분들 손의 힘만으로 접기 어려우실것같은데요, 설명서 보면 쉽게 접을 수 있는 방법 나와있습니다.저는 무릎세워서 살짝 구부린 제품을 무릎 위에 놓고 상체로 살짝 눌러줍니다 그럼 잘 접혀요ㅎㅎ 머리풀고 하면 미끄러지기 때문에 머리묶고 목 뒤에 넣은 뒤에 머리 푸르시면 됩니다.

사용하면서 고정되는 부분을 위아래로 바꿔보다보면 이게 고정되는 부분에 따라 미묘하게 좀 더 목이 당겨지고, 덜 목이 당겨질 수 있다는 걸 깨닫게 됩니다. 저는 주로 몇분은 덜 당겨지게 했다가, 몇분은 더 당겨지게 했다가 하는식으로 번갈아가며 합니다. 본인이 이리저리 고정부위를 위아래로 조~금씩 이동시키면서 그 미세한 차이를 캐치해보시는 게 좋아요. 그럼 훨씬 더 유용한 사용이 가능합니다.

저는 매우 마음에 들어서 본가에서 하나 사놓으려고요ㅎㅎ 솔직히 목디스크가 얼마나 고통스러운가요.. 목어깨 아프고 등저리고결리고 가슴께 담오는 느낌에 팔저림까지..어떨땐 억울해서 눈물나는 날도 있었는데.. 4만원돈으로 이정도 효과볼 수 있으면 정말 좋은거라고 생각합니다."
REVIEW_ITEM_4718474757,lk****,https://profile-phinf.pstatic.net/404/default.png?type=f80_80,5,,구성: 싱글세트(1개),,한달사용,한달사용한달동안 넥가드를 사용했는데 진짜 불편한점이 하나도 없었습니다. 목이 뻐근해서 유튜브를 보고 혹해서 산건데 제일 잘산템이 되어버렸어요 저녁에 바닥에 누워서 10분하면 목이 그렇게 편해질 수가 없습니다. 혼자쓰다가 오빠한테도 좋으니까 한번만 써봐!! 했는데 한번쓰더니 너무 마음에 든다고 저녁마다 가져가서 사용하네요. 이거만큼 목견인에 효과본건 없는거같아요 매일하다가 안쓰면 목이 뻐근해서 매일사용하게 되었어요! 가격도 착하고 망가지면 재구매 의사 1000000%입니다.
REVIEW_ITEM_4717210597,hyun****,https://phinf.pstatic.net/contact/20230309_16/1678323179926vypey_JPEG/KakaoTalk_20210524_163724218.jpg?type=f76_76,5,,예약주문: 4월17일부터 순차출고 / 구성: 싱글세트(1개),,,"처음에는 하는 법을 몰라서 불편했는데 지금은 연습하니까 편안해졌어요.
목이 아픈 날이었는데 넥가드를 하니까 목이 시원해졌어요!!☺️
확실히 효과가 조금씩 있는 것 같아요
꾸준히 하면 목이 더 좋아질 것 같아요!☺️
접은 다음에  목에 두고 누울 때 수평을 잘 유지해서 놓으면 딱 끼워지더라구요
처음에는 계속 미끄러져서 잘 안 됐는데 요즘은 잘 됩니다.
목이 짧아서 그랬나 싶기도 해요"
REVIEW_ITEM_4713273151,lavi******,https://profile-phinf.pstatic.net/404/default.png?type=f80_80,1,,구성: 싱글세트(1개),,,"흠... 이게 뭐죠...
견인기라길래 물리치료실의 견인기 비슷하게 접힌 양면이 서로 반대로 벌어지면서 늘어나는 느낌인 줄 알았더니 전혀 아니고 그냥 목 받히고 있는 느낌정도
가벼우니 여행갈때 갖고갈 수는 있겠네요
하기 전 머리를 묶지않으면 따가워서 저처럼 드라이 많이 하고 웨이브 신경쓰는 사람은 곤란
이정도 느낌으로는 비싸다고 생각
사진에 보듯이 세번 썼는데 벌써 자잘한 갈라짐이  보여서 어찌될지 모르겠음"
REVIEW_ITEM_4709718100,kjs1****,https://profile-phinf.pstatic.net/404/default.png?type=f80_80,5,,예약주문: 4월17일부터 순차출고 / 구성: 싱글세트(1개),,,"목때매 어깨까지 너무 아팠던 사람입니다

유튜브 보다가 백지영님이 사용한다는 쇼츠를 보게되었고 구입해 일주일정도 사용했습니다 처음에는 효과가 있나 싶었지만 이틀정도 사용하는 머리가 맑아지는 느낌이 있어서 욕심내서 20분정도 사용하고 뺐다가 전기오는느낌? 그런느낌있어서 이제는 십분만 사용합니다 ㅋㅋㅋ 너무 시원해요

같이 일하는 동료들한테도 얘기했더니 이미 다들 알고있더라고요;; 저만 몰랐어요"
REVIEW_ITEM_4718808911,dopi*****,https://profile-phinf.pstatic.net/404/default.png?type=f80_80,5,,구성: 싱글세트(1개),,한달사용,한달사용양 방향으로 다 가능해요. 좋아요. 시원해요.
REVIEW_ITEM_4682034946,y3****,https://phinf.pstatic.net/contact/20200716_288/1594898237216ht8YI_JPEG/image.jpg?type=f76_76,5,,구성: 싱글세트(1개),,,목이 아파서 그동안 구입한 경추 베개 목 견인기 금액만 합쳐도 몇 백먼원은 될 것 같습니다. 백지영씨 YouTube를 통해 이제라도 좋은 제품 만났으니 잘 써 보도록 해야지요. 처음 넥가드 유명해졌을 때는 구매 시도 자체를 못 했습니다. 너무 오래 기다려야 하고 엄두가 안나더군요. 그냥 저냥 아픈 목을 가지고 시간이 지나다 보니 갑자기 또 생각나서 들어가 보니 지금은 생산이 원활해져서 인지 바로 받을 수가 있더군요. 망설임 없이 구매했습니다. 구매후 오늘 처음 사용해 보았습니다. 뭔가 불편하고 이질감이 있는 건 사실입니다. 처음이니까 그렇겠지요. 그런데 한가지 확실한 건 목이 이전보다 상당히 편하고 편해졌다는 겁니다. 머리로 통하는 혈액이 그동안 눌렸던 것에 비해서 더 증가 해서 그런 건지 머리가 핑~ 돌 정도로 어지러움이 있었어요. 10분 정도 하고 나서 일어났는데 맑아 지는 느낌입니다. 목이 편안해지니 맑아진 거 같애요. 진짜오늘 처음 사용해 본 겁니다. 하루 이틀 삼일 사용할 수록 뭔가 달라지는 부분이 있겠지요? 꾸준히 사용하고 꾸준히 좋아졌으면 좋겠습니다. 잘 사용하도록 하겠습니다. 좋은 제품 감사합니다.
REVIEW_ITEM_4720679176,olym******,https://profile-phinf.pstatic.net/404/default.png?type=f80_80,5,,구성: 싱글세트(1개),,한달사용,한달사용25년 구매한 것중에 최고로 꼽아요 목디스크로 고생했늣데 평소 자세도 신경쓰고 해도 습관은 바꾸기 힘드네요 하루에 틈틈히 시간만 되면 계속해요 하고나면 정말 시원해요 그래도 운동은 쉬었더니 다시 아파서 급하게 운동하면서 꾸준히 사용합니다 머리까락 끼는것도 덜하고 가성비도 좋고요
REVIEW_ITEM_4710438368,skag******,https://profile-phinf.pstatic.net/404/default.png?type=f80_80,5,,구성: 싱글세트(1개),,,"백지영 유툽보고 구매~
첨 받을땐 이게 삼마넌대까지할 물건이야?싶었지만 왠걸~~하고나니 진짜 좋아졌네요
이삼일에 한번꼴로 하긴하지만~~목이 많이 편안해졌어요~~
백지영이 다시 팔아 달라고 할만 하네요ㅎ"
REVIEW_ITEM_4701061523,bril*******,https://profile-phinf.pstatic.net/404/default.png?type=f80_80,5,,구성: 싱글세트(1개),,,"목디스크때문에 인터넷에서 봤던 그 넥가드를 드디어 주문했습니다 제품 받은후 첫날부터 오늘까지 써보고 한 일주일정도 썼나요 그리고 리뷰작성해요. 진짜 만족스러워요 이거 쓰기 전보다 목힘들고 팔저린것도 좋아진거 같아요
이렇게 신기한 제품이 어디껀가 봤더니 제가 쓰는 경추베개만든 곳이더라고요? 기념으로 베개도 같이 찍어봤습니다 이 베개도 진짜 좋아요 저는 여행갈떄도 가지고 다닙니다 넥가드 꾸준히 쓰고 일자목 나아지길 기대중이며 여기저기 추천하고 다닐거 같아요"
REVIEW_ITEM_4708647779,muju***,https://phinf.pstatic.net/contact/20250330_139/1743329018845hsAv4_PNG/IMG_2129.PNG?type=f76_76,5,,예약주문: 4월17일부터 순차출고 / 구성: 싱글세트(1개),,,"유튜브 쇼츠 보고 혹해서 삿는데 너무 좋네용
확실히 목을 펴주는게 느껴져요!
처음에 넥가드를 대고 누울 때 이게 맞나 싶은데 나중가면 조금씩 편해지더라구요ㅋㅋ
하루 5~10분만 투자하면 되서 간편하고 좋습니다"
REVIEW_ITEM_4719599381,his4***,https://profile-phinf.pstatic.net/404/default.png?type=f80_80,5,,구성: 싱글세트(1개),,한달사용,"한달사용한 달 동안 꾸준히 사용했는데 목이 훨씬 편해진 느낌이에요. 처음에는 조금 어색했지만 사용법에 익숙해지면서 목 긴장도 많이 풀리고, 아침에 일어날 때 목통증이 줄어든 걸 느꼈어요. 집에서 간편하게 관리할 수 있어서 정말 만족합니다. 앞으로도 꾸준히 사용할 예정이에요!"
REVIEW_ITEM_4705255177,hiti***,https://profile-phinf.pstatic.net/404/default.png?type=f80_80,5,,예약주문: 4월17일부터 순차출고 / 구성: 싱글세트(1개),,,"어제 받아보고 지금 사용중입니다
열어보고 어? 이게 과연 될까? 했는데요
지금 처음으로 베고 누워있는데 어..... 이거 매일할거 같습니다(욕심같아서는 한개 더 쟁여두고 싶네요)
저 경추 3 4 5 6번이 말썽이라 항상 물리치료가서 견인하는데 요거 베고있는 지금 느낌이 딱 옵니다 
오늘 한번으로 당연히 좋아지지는 않겠지만 꾸준히 쓰다보면 분명 효과볼듯합니다 
일하고 늦게 집에오고하면 물리치료를 건너뛰게 되서 항상 목이 뻐근하고 머리가 묵직했는데 
좋은 제품 알게 되어 너무 감사합니다
개발자님 항상 행복하시고 사업 번창하시길 바라겠습니다 ^^"
REVIEW_ITEM_4710081704,peta*****,https://profile-phinf.pstatic.net/404/default.png?type=f80_80,5,,구성: 싱글세트(1개),,한달사용,"한달사용10여년 전 교통사고로 다친 목이 한번 크게다치니 호전되다가도 조금망 무리하면 안좋아져서 
주기적으로 주사치료와 물리치료 좋다는 치료는 다 받아봤어요ㅠ 목이 아프면 두통도 팔저림도 있어서 삶의질이 정말 떨어지는데 이 제품도 속는셈 치고 사봤는데 정말 좋아요

가장 좋은건 플라스틱이나 부피가 큰 제품이 아니라 휴대성이 좋고 집에서 보관도 쉽다는점이에요
가격도 정말 저렴하고.. 사용법도 쉽구요
방송에 나와서그런지 주변에서도 다들 알더라구요
만족하며 사용하고있어요"
REVIEW_ITEM_4717821340,04****,https://profile-phinf.pstatic.net/404/default.png?type=f80_80,5,,구성: 싱글세트(1개),,한달사용,한달사용어깨와 목 아파하는 아들 위해 검색하다 백지영님이 추천한다고 해서 구매해 사용중입니다. 늘 등이 아파 힘들었는데 좀 좋아진듯 해요. 아들도 좀 호전되는것 같대요.계속 열심히 사용해 볼래요.
REVIEW_ITEM_4715328000,youn***,https://phinf.pstatic.net/contact/20241117_135/17318313018885yHjy_PNG/avatar_profile.png?type=f76_76,3,,구성: 싱글세트(1개),,한달사용,한달사용악감정 없이 솔직하게 가격 대비 애매합니다. 효과가 없다고 보긴 힘들지만 견인기를 사용하는게 어땠을까 하는 생각이 자주 드네요. 상품 사진처럼 V자 커브가 유지된다면 효과가 더 있을지도 모르겠네요. 제 목이 길지도 짧지도 않지만 넥가드가 말려들어가서(거의 접힐듯) 견인력이 떨어지는 것 같아요.
REVIEW_ITEM_4705171759,dlsk***,https://phinf.pstatic.net/contact/20240717_233/1721228297563RDBCj_JPEG/image.jpg?type=f76_76,5,,예약주문: 4월17일부터 순차출고 / 구성: 싱글세트(1개),,,"접는게 빡세지만 운좋게 8차 예약 되기 전에 주문해서 일주일안되서 받았어요 ㅎㅎ
목 늘어나는 느낌은 나요 
목디스크 수술이랑 시술로 천만원 넘게 썼어요...
집에서 관리가 더 중요하다고 하니 이거 꾸준히 써볼게요 ㅠㅠ

6개월차 목디스크 환자 ㅠㅠ"
REVIEW_ITEM_4719448161,sy_s*****,https://phinf.pstatic.net/contact/20250410_42/1744266762324XSp92_PNG/profile.png?type=f76_76,5,,구성: 싱글세트(1개),,한달사용,한달사용내구성도 좋고 가성비는 최고입니다. 목견인 효과는 뭐. 치료기라고하는 그렇고 시원한정도 효과입니다
REVIEW_ITEM_4720899302,auth****,https://phinf.pstatic.net/contact/20170624_20/1498273471648fjqLY_PNG/avatar_profile.png?type=f76_76,5,,구성: 싱글세트(1개),,한달사용,한달사용매일 꾸준히하고나면 시원하고좋아요 할때 중심잘잡아놓고 사용해야해요 안그러면 더아파요 목에 힘주지말고 자연스럽게 올려놓고사용허시면효과볼거에요
REVIEW_ITEM_4708404102,chee*****,https://profile-phinf.pstatic.net/404/default.png?type=f80_80,5,,구성: 싱글세트(1개),,,"초반에는 아플 수 있다고 해서 좀 긴장하고 써봤는데 너무 시원합니다. 처음 쓰면서 뭐가 당겨지는 건지는 잘 모르겠는데 그냥 너무 시원해서 잠들 뻔했어요. 근데 설명서에 잠들어서 너무 오래 쓰면 안 된다고 하셔서 그다음부터는 알람 켜고 쓰고 있습니다. 솟은 어깨랑 거북목이 심해져서 등이랑 어깨가 너무 아팠는데 잘 맞추고 누우면 싸악 풀어지고요, 저혈압이라 머리 맑은 날이 잘 없는데 이거 하고 나면 뇌로 피가 잘 가서 맑아지는 느낌이 들어서 너무 좋습니다. 하루에 10분 베고 눕는 시간이 힐링타임이네요."
REVIEW_ITEM_4715314670,yss5***,https://profile-phinf.pstatic.net/404/default.png?type=f80_80,5,,예약주문: 4월17일부터 순차출고 / 구성: 싱글세트(1개),,,"반으로 접기가 쉽지않아 양끝을 힘을 꽉쥐는 요령이 필요합니다. 경추, 척추가 아프고 불편한 사람치고 보조기구 여러개 사보는 실패를 안해본 사람은 없을 겁니다. 저또한 그랬구요. 처음으로 보조기구에 리뷰를 써봅니다. 처음으로 실패하지않은 진짜 경추 보조기구입니다!"
REVIEW_ITEM_4719999911,qufs******,https://phinf.pstatic.net/contact/20180404_138/1522795545220BLtgr_PNG/avatar_profile.png?type=f76_76,5,,구성: 싱글세트(1개),,한달사용,"한달사용유튜브보다가 백지영님이 좋다고 하여 구매했지요
목아플때 목스트레칭해주니 시원하네요
오래하면 안된다고 주의사항에 있어 지키며 사용하려고요"
REVIEW_ITEM_4703962358,musu****,https://phinf.pstatic.net/contact/20230417_119/1681721963899ltoOf_JPEG/image.jpg?type=f76_76,5,,예약주문: 4월17일부터 순차출고 / 구성: 싱글세트(1개),,,"반신반의해서 구매했는데 엄청 시원하네요 

저는 직업특성상 노트북이랑 핸드폰을 오래 만지고 있어야해서 항상 승모근이 뭉쳐있고 목 부분이 자주 결리는데 집에 있는 마사지건으로도 안 풀릴때가 있어서 궁금해서 구매해보았습니다. 

배송은 주말이 있어서 3일 정도 걸렸고요, 
배송 받고 티비보면서 살짝 5분정도 해보고 일어났는데 목이 엄청 시원해진 느낌입니다. 
쫙 땡겨진 느낌?? 

아직 제 자세에 맞는 요령을 못찾은 느낌인데 
꽂은 상태에서 넥가드 위치를 여기저기 잡아주면 풀리는 위치도 조금씩 다른 것 같고요! 
승모근 많이 뭉치는 분들에게도 강추입니다. 
너무 시원하고 좋아요!"
REVIEW_ITEM_4706351333,pr****,https://profile-phinf.pstatic.net/404/default.png?type=f80_80,5,,구성: 싱글세트(1개),,,"이거 뒤늦게 유튜브에서 추천하는거 보고 샀는데요 
진짜 좋아요 처음에는 좀 불편했는데 세번 네번 쓰니까 너무 편하고 좋아요 
10분하면 바로 꿀잠들어서 꼭 알람맞춰놓고 누워야되더라구요
부모님께도 사용해보라고 권해드렸는데 엄마는 처음부터 너무 편하다고 하셨고 아빠는 좀 불편하다고 했어요 익숙해지면 목도 스트레칭되고 좋은듯해요 그리고 휴대하기좋아서 어디든
들고다니기 좋은거같아오
다만 쉡게 손톱자국이 나는것과 좀 자주썼더니 가운데가 접히는데 처음과 동일한 견인효과가 계속되는걸까요?"
REVIEW_ITEM_4709856993,rims****,https://profile-phinf.pstatic.net/404/default.png?type=f80_80,5,,예약주문: 4월17일부터 순차출고 / 구성: 싱글세트(1개),,,"남편이 목 디스크가 점점 심해진다해서 주문했어요
겸사겸사 주위에 디스크 심하다는 사람들 주려 여러개 주문 했구요
남편이 시원하다거 좋아하네요!
짱짱하게 받쳐줘서 꾸준히 효과 잇길 바래야겠어요 ㅎㅎ"
REVIEW_ITEM_4719593939,hjy3***,https://profile-phinf.pstatic.net/404/default.png?type=f80_80,4,,구성: 싱글세트(1개),,한달사용,한달사용일단 목이 시원한 느낌과 견인되는 느낌은 좋습니다.  근데  제가 방법을 잘 모르는 건지 타 견인기 만큼은 아닌거 같네요.. 좋다고 하니 좀 더 잘 사용해 보겠습니다.
REVIEW_ITEM_4705743904,mylo********,https://profile-phinf.pstatic.net/404/default.png?type=f80_80,5,,구성: 싱글세트(1개),,,"남편 자고 일어나서 목이 불편하다며 베개만 4~5번 바꿨는데. 병원 가보니 목디스크라네요~ 
수술할 정도는 아니라서 통증 주사 맞고 약 처방받았어요~
그러다 알게된 넥가드~ 대게 단순하게 생겼는데, 후기들이 좋아서 기대허고 있어요~꾸준히 쓰면 효과가 있길 기대해요~"
REVIEW_ITEM_4703081286,oh****,https://phinf.pstatic.net/contact/20240128_278/1706414299704tfw3K_PNG/profile.png?type=f76_76,5,,구성: 싱글세트(1개),,,"유튜브에서 보고 고민하다가 구매하게 되었어요. 평소 컴퓨터와 핸드폰를 오래 봐서 이러다 내 목 큰일 나겠다 싶어서요😇 배송받자마자 뜯어서 사용해봤는데요, 이거 진짜 짱짱하고 힘을 빡 주고 접은 상태에서 사용해야해서 처음 자리잡는 게 조금 힘들긴 한데, 그만큼 사용하고 나면 개운하고 뭔가 짧은 시간에 엄청난 압력으로 목을 스트레칭해준 느낌이 들어요. 하고 나면 매우 개운하고 시원해요ㅎㅎ  제가 목이 좀 두껍고 살이 쪄서 짧다고 느껴지는 편인데, 그래도 할만 합니다!  매일 10분~15분씩 해주고  있는데 목 교정? 스트레칭에 효과가 있으면 좋겠네요!"
REVIEW_ITEM_4718602842,jung*****,https://profile-phinf.pstatic.net/404/default.png?type=f80_80,5,,구성: 싱글세트(1개),,,"목이 자연스레 늘어나는 구조네요
좋아요"
REVIEW_ITEM_4712221730,d2****,https://profile-phinf.pstatic.net/404/default.png?type=f80_80,4,,구성: 싱글세트(1개),,,"목 견인기를 처음 써봐서, 사실 하고있는 동안은 견인이 잘 되고있는 건지 소문대로 엄청나게 시원한 건지 잘 모르겠어요. 근데 하고나면 개운한 느낌이 있어요 그리고 육안으로 봤을 때 왠지 목이 길어진 느낌도 있어요.
아 그리고 부차적인 효과로 뒷목 헤어라인 쪽을 지압해주니까 거기에서 오는 시원함도 좋네용ㅎㅎ"
REVIEW_ITEM_4717550013,isju****,https://phinf.pstatic.net/contact/20240228_125/1709115625851fyVHa_JPEG/%BF%C0%BF%F9%C0%CC.jpg?type=f76_76,5,,구성: 싱글세트(1개),,,"처음엔 너무 단단해서 구부리는게 쉽지 않고 자세 잡는게 어색했는데 하다보니 익숙해지고 몸도 더 편해졌어요
하루 10분 투자로 어꺄와 목이 편해지고 있습니다"
REVIEW_ITEM_4714120163,hyun****,https://phinf.pstatic.net/contact/20250201_47/1738375556676Or3nx_JPEG/image.jpg?type=f76_76,2,,구성: 싱글세트(1개),,한달사용,한달사용솔직히 뭐가 좋은지 모르겠습니다. 누웠을 때 눌러지는 압력에 의해 약간의 시원함은 있을 뿐 위아래로 견인하는건 전혀 못 느끼겠고 3.9 값어치 하는지도 모르겠어요. 돈이 조금 아깝습니다.
REVIEW_ITEM_4715012787,bril*******,https://profile-phinf.pstatic.net/404/default.png?type=f80_80,5,,구성: 싱글세트(1개),,한달사용,"한달사용너무나 유용하게 잘쓰고 있습니다 일자목 탈출하고 싶고요
처음에는 흰색바탕 검은색 바탕 다른거 몰랐다가 며칠 쓴뒤에 알았는데 때에 따라 앞뒤 다르게 쓰고 있어요 
매일 꾸준히 하면 일자목 탈출할수 있길 바랍니다"
REVIEW_ITEM_4711141005,whda******,https://profile-phinf.pstatic.net/404/default.png?type=f80_80,1,,예약주문: 4월17일부터 순차출고 / 구성: 싱글세트(1개),,,여행 다녀오냐고 두번 밖에 못 써 봤는데 일단 받았는데 새상품 치고 더러움 좋은지는 차차 써보려구요
REVIEW_ITEM_4718532431,near***********,https://phinf.pstatic.net/contact/20180725_216/153248525186292m2g_JPEG/logo2.jpg?type=f76_76,5,,예약주문: 4월17일부터 순차출고 / 구성: 싱글세트(1개),,,"사용하기도 편하고 제품이 생각보다 가볍네여
메모리폼? 같은 재질이에여~~
대신 가벼워서 여행갈때도 가지고 다니기 좋을 것 같아요"
REVIEW_ITEM_4711453247,blue*****,https://profile-phinf.pstatic.net/404/default.png?type=f80_80,5,,예약주문: 4월17일부터 순차출고 / 구성: 싱글세트(1개),,,백지영님 유튜브에서 효과가 너무 좋다고 해서 주문했어요! 운좋게 판매회차 마지말날즘 구매해서 거의 기다리지않고 받았습니다! 받고 가장 놀란건 의료기기라고 정확히 명시된 점이에요 정말루 의료기기라니 믿고 쓸수있을것같아요 제품을 접는데 좀 힘이들지만 잘 써보려고합니다 ㅎㅎ
REVIEW_ITEM_4714263608,dear*******,https://profile-phinf.pstatic.net/404/default.png?type=f80_80,5,,구성: 싱글세트(1개),,한달사용,한달사용생각날때마다 하루에 1-2회정도 하는데 하고나면 확실히 개운해요!! 다만 아직 스킬이 부족해서 어디에 맞춰야할지 모르겠어요 사용하다보면 익숙해지겠죠!  목어깨 마사지기등 부피가 크고 충전등으로 사용이 번거로웠는데 이제품 너무 좋아요~~
REVIEW_ITEM_4720082712,youm****,https://profile-phinf.pstatic.net/404/default.png?type=f80_80,5,,구성: 싱글세트(1개),,,아직 좋은지모르겟는데 하면 등이 뻐근한느낌들면서 뭔가땅겨지는 느낌들어요. 이게 정상인가요?? 어쨋든 잘쓰고있어요
REVIEW_ITEM_4712390799,suoo***,https://phinf.pstatic.net/contact/20250417_78/1744891534697jfxkF_JPEG/KakaoTalk_20241121_221409907.jpg?type=f76_76,5,,예약주문: 4월17일부터 순차출고 / 구성: 싱글세트(1개),,,고개를 숙이고 일하는 직업이라 찾다가 유튜브 쇼츠보고 구매했는데 진짜 좋네요! 이게 누워있을땐 그냥 그런데..? 싶은데 한 10분 누워있다가 일어나면 목이 정말 시원해요!
REVIEW_ITEM_4719791517,yerw****,https://phinf.pstatic.net/contact/20210906_289/1630939263258TPP8u_PNG/avatar_profile.png?type=f76_76,4,,구성: 싱글세트(1개),,,목에 대고 하고 있는데 이렇게 하는게 맞는지 아직도 헷갈리긴 해요ㅎㅎ 그래도 시원해지는 느낌이 있어서 맞겠거니 하고 있어요.~~
REVIEW_ITEM_4716341345,bsi0***,https://profile-phinf.pstatic.net/404/default.png?type=f80_80,5,,구성: 싱글세트(1개),,,"큰 차이는 아직 모르겠으나 점차 쓰다보면 좋아질 거라 믿습니당^^
항상 침대 머리맡에 올려두고 자기전에 누워서 사용중이에요. 알람맞춰놓고 잠시 휴대폰하면서 하몀ㄴ 시간이 금방 지나서  딱이에요~"
REVIEW_ITEM_4716315395,agig***,https://profile-phinf.pstatic.net/404/default.png?type=f80_80,5,,구성: 싱글세트(1개),,한달사용,한달사용일자목에 목과 어깨가 불편해서 검색하다가 구입하게 되었어요 받자마자 해봤는데 구부리기도 힘들고 목에 고정하기도 어려웠는데 해보니까 시원한거 같아서 잘 적응하면 괜찮을 거 같아요 잘 쓰겠습니다!
REVIEW_ITEM_4717554324,tnwj****,https://profile-phinf.pstatic.net/404/default.png?type=f80_80,5,,구성: 싱글세트(1개),,한달사용,"한달사용한달 후기입니다. 
틈틈히 목스트레칭도 하면서 사용했는데 
정말 신기하게 몇년동안 아팠던 목디스크가 
안아파요.... 꾸준히 사용해서 디스크 완치하고싶어요."
REVIEW_ITEM_4703165293,kima***,https://phinf.pstatic.net/contact/20230910_270/1694311864829HRI5I_JPEG/eee-3937-kimalfo.jpg?type=f76_76,5,,구성: 싱글세트(1개),,,"생각보다 가볍고 잘 눌려져요!
며칠 써본바로는 10분 있었다고 막 시원하거나 이런느낌은 아닌데 뭔가 하고나면 목 포지션이 바뀐느낌?? 이런게 있어요 
병원에서 받는 견인을 안받아봐서 비슷한 느낌인지는 모르겠지만 목의 정렬을 바른위치로 다시 맞춰주는 느낌?!
그런건 있네요
길게 꾸준히 써보고싶긴해요!!
목 건강에 도움됐으면 좋겠네요 ㅠㅠ"
REVIEW_ITEM_4709078047,wish***,https://phinf.pstatic.net/contact/20210410_267/1618032458719g8980_JPEG/%C7%C1%B7%CE%C7%CA.jpg?type=f76_76,5,,예약주문: 4월17일부터 순차출고 / 구성: 싱글세트(1개),,,"목디스크 26살때 터져서 안써본 제품이 없는데 넥 스트레처 이후로 제일 맘에 드는 제품입니다. 40얼마 짜리 풀** 사고 집에서 두번 쓰고 먼지만 그득한데 
이 제품은 정말 만족합니다. 정말 목디스크나 거북목 있으신 분들은 이 제품은 필수로 구비하세요 !!!"
REVIEW_ITEM_4720583334,ji98****,https://profile-phinf.pstatic.net/404/default.png?type=f80_80,5,,구성: 싱글세트(1개),,한달사용,"한달사용지금 꾸준히 사용하고있어요,큰 효과는 잘모르겠으나 하고 나면 목이 시원한 느낌이 들어서 좋아요"
REVIEW_ITEM_4713955819,rain*****,https://phinf.pstatic.net/contact/20210901_253/1630499457790O4BVT_JPEG/profileImage.jpg?type=f76_76,4,,예약주문: 4월17일부터 순차출고 / 구성: 싱글세트(1개),,,좋아요! 조금 밀리기는 하는데 요가매트 깔고 씻고 나와서 하면 아주 목이 쫙 풀리면서 좋습니다. 한 번 꾸준히 사용해볼게요!
REVIEW_ITEM_4703317904,geum******,https://phinf.pstatic.net/contact/20230318_158/1679132512453Lp2fF_JPEG/IMG_6198.JPG?type=f76_76,5,,구성: 싱글세트(1개),,,"우연히 유튜브 보다가 백지영님이 이거 제발 다시 팔아달라하는거 보고 뭐지하고 찾아보다 뭔가 믿음가는거 같아서 반신반의 하면서 구매 근데 대박임....
직업때문에 하고 오래 앉아있고 그림그리는 직업이라 일자목에 디스크까지있는데 거북목으로 변경 중에 목뒤에 버섯까지 자라는중임
처음이라 어색해서 조절하고 하다보니 7분정도 했는데 천천히 힘빼고 느끼면 목디스크사이사이가 점점 늘어나는? 기분 그러고 일어났더니 머리에 피가 갑자기 도는 느낌 그리고 목이 길어진 느낌 대박임..
목도 돌리기 수월해짐 엄마가 요즘 두통이 심해서 병원가서 뇌검사 해야하나 고민하고 있어서 한번만해보라고 목디스크 때문일거라고 설득해서 시켰는데 3분정도 만 했음 근데 일어나자마자 머리아픈게 없어졌다고 피가 도는게 느껴져서 소름끼친다고 목이 길어진거 같고 목도 잘돌아간다고 좋아함 짱임 계속 사용할거 같음 

이거 처음에 이게맞나 싶을정도로 잘 안 접히는데 
바닥에 무게실어서 접고 좀있으면 어느정도 수월해짐 그러면 꽉잡아서 누워서 목이랑어깨 시작부분쯤 이랑 목이랑 머리 시작부분쯤 혹은 그거보다 좀더 안쪽으로? 하면서 위치 본인한테 맞는곳으로 하면 처음에는 위치 잘 못잡아서 자꾸 쳐질수있는데 위치만 잘 잡으면 여기다 싶은곳이 있음 거기에 잘 걸치고 느껴보셈 천국을 경험할거임 

많이 파십쇼!!!"
REVIEW_ITEM_4713362211,kyun******,https://phinf.pstatic.net/contact/profile/blog/83/84/kyungjin25.jpg?type=f76_76,4,,예약주문: 4월17일부터 순차출고 / 구성: 싱글세트(1개),,,"견인치료에 혹해서 샀어요
처음새거일때는 접히는부분이 너무 빨리 펴지려해서 힘으로 누르고해서인지 좀 아팟는데 지금은 너무 부드러워져서 새거일때처럼 펴지려고하는 견인되는 느낌은없지만 그래도 시원하니 스트래칭한 느낌"
REVIEW_ITEM_4704394574,powe********,https://profile-phinf.pstatic.net/404/default.png?type=f80_80,5,,구성: 싱글세트(1개),,한달사용,"한달사용목디스크가 갑자기 나타나면서 하루아침에 운전도 못하게 되었었는데
병원치료 받으면서 도움받을만한거 검색해보다 우연히 알게되었고 매일 사용했어요

정말 간편하고 휴대하기도 편하고 
누울곳만 있다면 어디에서든 사용할수있어서 좋았습니다
거북목이 시원해지면서 연관성이 있는지는 모르겠지만 눈도 침침한게 좋아졌어요

지금은 목 심하게 눌려서 아픈것도 많이 좋아졌습니다
거북목인분들 큰 통증없어도 써보세요 
정말 시원합니다 강력추천드려요"
REVIEW_ITEM_4720154646,gjss******,https://profile-phinf.pstatic.net/404/default.png?type=f80_80,4,,구성: 싱글세트(1개),,,"제가 서툴러서 그런지
엄청 손이가거나 자주하지는 않지만
시원한.느낌은 있어요"
REVIEW_ITEM_4714160217,didi***,https://phinf.pstatic.net/contact/20230620_82/16872343056691iO9M_JPEG/image.jpg?type=f76_76,5,,예약주문: 4월17일부터 순차출고 / 구성: 싱글세트(1개),,,"일자목이고 요즘 공부하구 일하느라 목부근이 뻐근하고 너무아픈데 이거 하고 나아지는거같아요
처음 써보고 목뒷부분이 늘어났는지 파스붙인거처럼 잠깐 시원한 느낌들어서 놀랐어요 굿굿 넘 좋아요"
REVIEW_ITEM_4720744051,sjjo*****,https://phinf.pstatic.net/contact/20250202_79/17384982271523mQtl_JPEG/KakaoTalk_20240525_184614525.jpg?type=f76_76,5,,예약주문: 4월17일부터 순차출고 / 구성: 싱글세트(1개),,,목디스크로 고생하고잇는 어머니한테 선물해드렸어요! 너무좋다고하시네요
REVIEW_ITEM_4703775468,kth0***,https://profile-phinf.pstatic.net/404/default.png?type=f80_80,5,,예약주문: 4월17일부터 순차출고 / 구성: 싱글세트(1개),,,"숏츠로 우연히 보고
검색해서 구매했어요
목이 불편해서 늘 고민이였는데
평이 워낙 좋아서 기대중입니다
열심히 해볼게요"
REVIEW_ITEM_4717217781,ahhw***,https://profile-phinf.pstatic.net/404/default.png?type=f80_80,5,,예약주문: 4월17일부터 순차출고 / 구성: 싱글세트(1개),,,목디스크가 있는 가족이 있어서 구매했는데 건강한 제가 해보니까 잘 모르겠네요 디스크 있는 거족에게 주었는데 효과가 있었으면 좋겠어요
REVIEW_ITEM_4708753093,ha66*****,https://phinf.pstatic.net/contact/20230617_172/1686977195583wzWQP_PNG/profileImage.png?type=f76_76,5,,예약주문: 4월17일부터 순차출고 / 구성: 싱글세트(1개),,,백지영 유튜브 보고 너무 궁금했는데 남편이 거북목이 심해서 구매했는데 생각보다 더 효과가 좋은거 같아요. 완전 시원해요!!
REVIEW_ITEM_4716339869,bisu****,https://profile-phinf.pstatic.net/404/default.png?type=f80_80,5,,구성: 싱글세트(1개),,한달사용,한달사용아침마다 요긴하게 사용중입니다. 사용하면 아픈목이그럭저럭 나아지네요잉~
REVIEW_ITEM_4712629650,ldh0***,https://profile-phinf.pstatic.net/404/default.png?type=f80_80,5,,구성: 싱글세트(1개),,한달사용,한달사용매일 잠깐씩 사용하고있어요 자주사용하면 강도가 좀 떨어질거같긴한데 반대로 사용해볼게요 처음엔 너무 강해서 좀 아팠는데 이젠 편해요 확실히 목어깨가 요즘은 덜아픈거같아요 주변에 추천해줬어요
REVIEW_ITEM_4719879456,ukim****,https://profile-phinf.pstatic.net/404/default.png?type=f80_80,4,,구성: 싱글세트(1개),,한달사용,한달사용사용한 날은 확실히 시원해요 찜질까지 같이하면 최고인데 귀찮은게 문제 ㅋㅋ
REVIEW_ITEM_4710074637,skfk******,https://profile-phinf.pstatic.net/404/default.png?type=f80_80,5,,예약주문: 4월17일부터 순차출고 / 구성: 싱글세트(1개),,,"유튜브 백지영 리뷰 보고 주문했어요
구조는 정말 간단한데, 써보니 시원하고 견인 잘 되네요 
이리 간단한 구조로 효과가 이렇다니 신기합니다 

오래오래 쓸 수 있을 것 같아요"
REVIEW_ITEM_4716873757,mins***,https://profile-phinf.pstatic.net/404/default.png?type=f80_80,4,,구성: 싱글세트(1개),,한달사용,"한달사용디스크는 없지만 거북목 예방차 구매해봤습니다!
꾸준히 해야하는데 잘 안하게되네요.... 
머리가 길어서 할때 약간 불편하긴해요ㅠㅜ"
REVIEW_ITEM_4720648496,17****,https://profile-phinf.pstatic.net/404/default.png?type=f80_80,5,,예약주문: 4월17일부터 순차출고 / 구성: 싱글세트(1개),,,좋아요! 처음에는 쓰고 이게 맞나 싶은데 몇 번 써보니 괜찮은 것 같아요~
REVIEW_ITEM_4717890897,jess*****,https://phinf.pstatic.net/contact/20161005_129/147566415490432nHE_JPEG/tmp_1412654426064.jpg?type=f76_76,1,,예약주문: 4월17일부터 순차출고 / 구성: 싱글세트(1개),,,사용법이 익숙하지 않아서 그런가 시원한지 잘 모르겠어요 일단 몇일 더 써보면 다를려나 싶어요
REVIEW_ITEM_4716649782,yang****,https://profile-phinf.pstatic.net/404/default.png?type=f80_80,5,,구성: 싱글세트(1개),,한달사용,"한달사용하루 10분 정도씩 했는데 뒷목이 시원합니다. 병원 물리치료 (견인치료) 하는것과 비슷한 효과가 있는거 같아요.
추천합니다!!"
REVIEW_ITEM_4720284846,epfl****,https://phinf.pstatic.net/contact/20190711_293/1562808341923brPg5_JPEG/image.jpg?type=f76_76,5,,구성: 싱글세트(1개),,한달사용,"한달사용이거 진짜 효과 좋아요 첨엔 이게 뭐지했는데
쓰기도 좋고 휴대좋고 효과좋고 최고!!"
REVIEW_ITEM_4702192182,saro*****,https://phinf.pstatic.net/contact/20220806_164/1659739791997vsKnT_JPEG/990B5E475A97EC1E0F.jpg?type=f76_76,5,,구성: 싱글세트(1개),,,"거북목 증상으로 양쪽어깨가 통증이 심한지 일년이 되었네요 최근 왼쪽이 더심해지고 한의원 정형외과 스포츠마사지 등을 받았지만 지속적으로 다니기는 시간과 돈이 만만치 않네요….
맛사지기와 스트레칭으로 겨우 살고있다가 유투브에서 보고 바로 구매 완료 
받고 한번 해보았는데 생각보다 가볍고 간단해서 놀라긴했지만… 사용하신분 후기가 좋아서 해보았어요 
목이 쭉_~ 늘려지는 느낌은 듭니다 
어깨통증이 나았으면 좋겠습니다….."
REVIEW_ITEM_4721045471,jyg_****,https://phinf.pstatic.net/contact/20240411_69/1712820101372fpLCM_PNG/profileImage.png?type=f76_76,5,,구성: 싱글세트(1개),,한달사용,"한달사용병원 치료랑 병행하고 있어요. 아침에 5분, 밤에 5분하면 시원합니다."
REVIEW_ITEM_4704507075,slee****,https://profile-phinf.pstatic.net/404/default.png?type=f80_80,5,,예약주문: 4월17일부터 순차출고 / 구성: 싱글세트(1개),,,"뒤쪽  머리 두통으로 혹시나하는 마음에 써 봤는데
제품이 간단한 방법으로 목을 풀어주는게 느껴지면서 두통도 완화 되네요.
힘도 의외로 쎄서 왜 10분 이상 하지 말라고 하는지 알겠습니다
우연한 계기로 유튜브에서 백지영씨 영상보고 구매했는데 우연이 필연이 된것 같네요"
REVIEW_ITEM_4720532403,gomu****,https://profile-phinf.pstatic.net/404/default.png?type=f80_80,5,,구성: 싱글세트(1개),,,적응이필요해서 하루에5분씩 하고있어요 확실히 목이덜아프내요
REVIEW_ITEM_4712609846,0nob*****,https://profile-phinf.pstatic.net/404/default.png?type=f80_80,5,,구성: 싱글세트(1개),,한달사용,"한달사용처음에 적응하는 시간이 좀 필요한데 지나고 나면 확실히 전,후 효과 차이가 있어요! 매일 앓던 목 통증으로 인한 두통도 사라졌고 매일 꾸준히 사용하고 관리해서 거북목 탈출하고 싶어요🙏"
REVIEW_ITEM_4704289871,y3****,https://phinf.pstatic.net/contact/20200716_288/1594898237216ht8YI_JPEG/image.jpg?type=f76_76,5,,구성: 싱글세트(1개),,한달사용,한달사용아침 저녁으로 하루 10분 씩 꾸준히 사용하고 있습니다. 일이 바쁘거나 까먹고 사용을 못 할 때는 그 다음날 사용을 안한 티가 확 나요. 목이 상당히 뻐근 하고  힘든 하루가 됩니다. 집에 오자마자 사용 하면 언제 그랬냐는 듯 상당히 호전되는 게 느껴져요. 잘 쓰겠습니다. 잘 쓰다가 필요할 때 재구매 올게요.
REVIEW_ITEM_4717579662,rodi***,https://phinf.pstatic.net/contact/20241028_62/1730099089073CdduJ_JPEG/image.jpg?type=f76_76,4,,구성: 싱글세트(1개),,한달사용,"한달사용저한테는 안 맞는 것 같아서 친구 주니까 목아플 때 쓰더라구요
뒷통수 납작이는 못 쓸 것 같아요"
REVIEW_ITEM_4721125103,suna******,https://profile-phinf.pstatic.net/404/default.png?type=f80_80,5,,구성: 싱글세트(1개),,,좋다는 소문듣고 구매했어요 효과가 있었으면 좋겠어요
REVIEW_ITEM_4715875696,jm****,https://profile-phinf.pstatic.net/404/default.png?type=f80_80,5,,구성: 싱글세트(1개),,한달사용,"한달사용목을 늘려주는 느낌이 나구요
다른 제품들은 딱딱해서 뼈가 아픈데 넥가드는 편안해서 좋아요"
REVIEW_ITEM_4704840192,knj5***,https://profile-phinf.pstatic.net/404/default.png?type=f80_80,5,,예약주문: 4월17일부터 순차출고 / 구성: 싱글세트(1개),,,"도착하여 바로 사용중 입니다 기대가 큽니다 잘 사용해볼께요
이것이 정품 입니다 백지영씨가 말씀한

유트브와 인테넷등등에서 비싼가격에 가품을 판매하는곳이 있으니 주위 하세요들 ^^"
REVIEW_ITEM_4705802068,kth5***,https://profile-phinf.pstatic.net/404/default.png?type=f80_80,5,,예약주문: 4월17일부터 순차출고 / 구성: 싱글세트(1개),,,"단순한 구조로 가볍고 짧은시간 사용하도록 되어 있네요
앞뒤 압력이 다른것도 맞춰 사용 가능하게 잘 만들어 주신거 같습니다

짧게 해 봤는데도 견인ㄷ히고 당겨 지는게 느껴짐요.

다만 목이 짧고 굵어서 미끄러움이 있는건 어쩔수 없나봅니다..ㅠㅠ"
REVIEW_ITEM_4717284612,haha********,https://phinf.pstatic.net/contact/20190616_91/1560619648972AltUI_JPEG/image.jpg?type=f76_76,5,,예약주문: 4월17일부터 순차출고 / 구성: 싱글세트(1개),,,"좋아요 
약간 허술해보이긴한데 
신박하네요"
REVIEW_ITEM_4712619418,hyun*****,https://profile-phinf.pstatic.net/404/default.png?type=f80_80,5,,구성: 싱글세트(1개),,한달사용,"한달사용처음에는 어떻게 사용해야 하는지 잘 모르겠어서 당황했는데, 유튜브 같은 곳에서 사용설명 보고 했더니 잘 사용했습니다. 저녁에 자서 찌부등한 느낌이 하고 나면 너무 편해지고 좋더라구요"
REVIEW_ITEM_4719177095,gucc*****,https://profile-phinf.pstatic.net/404/default.png?type=f80_80,5,,구성: 싱글세트(1개),,한달사용,한달사용정말 잘산것같아요~매일꾸준히사용한결과 목어깨가부드러워졌어요
REVIEW_ITEM_4718602634,odin****,https://profile-phinf.pstatic.net/404/default.png?type=f80_80,5,,예약주문: 4월17일부터 순차출고 / 구성: 싱글세트(1개),,,"지속적으로 사용하니까 목 통증이 줄어드는게 느껴져요
사용이 간편해서 더 좋습니다"
REVIEW_ITEM_4716816674,kmjg***,https://phinf.pstatic.net/contact/20220509_60/1652098987653cCtKY_JPEG/image.jpg?type=f76_76,5,,구성: 싱글세트(1개),,,"간편하게쓰기좋아요
머리카락이 긴편이라 꼭 묵고해요
잘 안구부러져서 힘이좀 들긴해요
하다가 펴지기도하고 ㅎㅎ"
REVIEW_ITEM_4720564670,kimk*****,https://profile-phinf.pstatic.net/404/default.png?type=f80_80,5,,구성: 싱글세트(1개),,한달사용,"한달사용문고리에 연결하는것만 써봤는데
역시 소문대로 좋네요
편하고 몸도 훨신 개운한거같아요"
REVIEW_ITEM_4716958283,ha****,https://profile-phinf.pstatic.net/404/default.png?type=f80_80,5,,예약주문: 4월17일부터 순차출고 / 구성: 싱글세트(1개),,,"완젼 좋아요~ 첨엔 뭐지 싶었는데, 남편이 목디스크로 손까지 저렸는데, 매일 사용하고 손저림이 좋아졌어요."
REVIEW_ITEM_4714013399,coco***,https://profile-phinf.pstatic.net/404/default.png?type=f80_80,5,,구성: 싱글세트(1개),,한달사용,"한달사용목디스크로 두통까지 오는 언니한테 선물했어요 
짧게 해도 엄청 시원하다고 합니다!! 
저도 목이 안좋아서 하나 더 추가로 구매해보려구요!! 감사합니당"
REVIEW_ITEM_4711702325,saku*****,https://profile-phinf.pstatic.net/404/default.png?type=f80_80,4,,예약주문: 4월17일부터 순차출고 / 구성: 싱글세트(1개),,,목견인하기에 좋다하여 구매했어요~효과가 있길 기대해봅니다~어깨쪽은 괜찮은데 머리쪽으론 고정이 안되고 완전 펼쳐져서 그게 좀 불편해요.. 자꾸 써서 좋은 자세를 잡아야 겠어여~
REVIEW_ITEM_4719592232,hdh1***,https://profile-phinf.pstatic.net/404/default.png?type=f80_80,5,,구성: 싱글세트(1개),,한달사용,한달사용처음에 접을 때는 힘들었지만 적응 되면 잘 할 수 있습니다. 목도 많이 좀 덜 아픈거 같고 좋아요.
REVIEW_ITEM_4715332792,46****,https://phinf.pstatic.net/contact/20210917_9/1631889800695foHBX_JPEG/image.jpg?type=f76_76,5,,예약주문: 4월17일부터 순차출고 / 구성: 싱글세트(1개),,,진짜 시원해요!!! 사용법에서는 엄청 쉽게 접던데 제가 손이 작아서 여러번 사용해서 제품이 말랑해져도 여전히 접는게 힘들긴 합니다ㅠㅠ
REVIEW_ITEM_4687744211,hyun********,https://phinf.pstatic.net/contact/20240125_101/1706179389142pIJqQ_JPEG/20141102_165639.jpg?type=f76_76,5,,구성: 싱글세트(1개),,,"평소에 목과 승모근, 가끔 등까지 담이 자주 왔어요.
한의원에 가서 침을 맞거나 물리치료를 받아서 풀었어요.
어느때 부터는 병원을 다녀도 시원하게 풀리지도 않더라구요.
병원애서도 목이 돌아가는 가동 범위도 좁다고 하더라구요. 워낙 오랫동안 그렇게 지내서 
그냥 그런거보다 했어요. 
그러다 지인이 이 제품을 추천해 줘서 구매해봤어요.
처음 받아서는 이게 뭐야 했어요..
지인도 그렇게 얘기하더라구요. 받으면 처음 나오는 말이 이게 뭐야,라고.
그런데 며칠 사용하니 신세계 경험이요.
하루 10분 알람 맞춰서 저녁에 사용했어요.
열흘 정도 됐는데 지금 담이 오던 느낌이 없어지고
목이 잘 돌아갑니다. 너무 신기해요.
별거 아닌거 같이 생긴 제품인데 너무 만족해요
그리고 저는 따뜻한 날에 받아서 그런지 제품이 잘 접혀요
어느 분들은 안접힌다고 하는데
한손으로 잠깐은 쥘 수 있을 정도입니다.
지금 만족하며 너무 잘 쓰고 있고 저희 가족 모두 사용하도록 추천 하고 있어요^^"
REVIEW_ITEM_4715584192,gooo****,https://phinf.pstatic.net/contact/20221025_161/1666627521473PbTHo_JPEG/image.jpg?type=f76_76,1,,예약주문: 4월17일부터 순차출고 / 구성: 싱글세트(1개),,,"솔직히 괜히 샀다 싶습니다 가격도 비싼데
이게 왜 시원한지 전혀 모르겠어요. 돈만 날림"
REVIEW_ITEM_4718863917,askh****,https://phinf.pstatic.net/contact/20250304_258/1741058029659N1iCB_JPEG/profileImage.jpg?type=f76_76,5,,구성: 싱글세트(1개),,한달사용,한달사용틱톡보고 주문했는데 만족해요. 목이 늘어난 느낌이 나요ㅡ 잘 사용할게요. 허리도 있었으면~~
REVIEW_ITEM_4719125750,jaja********,https://phinf.pstatic.net/contact/20170101_94/1483256739085mPH7G_JPEG/profileimage.jpg?type=f76_76,5,,구성: 싱글세트(1개),,한달사용,"한달사용남편이 매일 매일 정말 잘 쓰고 있어요.
조만간 새로 하나 더 사야할듯 ㅎ"
REVIEW_ITEM_4720566274,ipho******,https://phinf.pstatic.net/contact/20220808_15/1659951468045U97se_JPEG/image.jpg?type=f76_76,5,,구성: 싱글세트(1개),,한달사용,한달사용시원하네요 자기전에 사용해요 아이디어 값이든
REVIEW_ITEM_4719356064,bosu******,https://profile-phinf.pstatic.net/404/default.png?type=f80_80,4,,예약주문: 4월17일부터 순차출고 / 구성: 싱글세트(1개),,,사용 1주일차인데 엄청 좋은건 아직 잘 모르겠지만.... 계속 하다보면 도움이 되지 않을까... 해서 일단 계속 해봅니다.
REVIEW_ITEM_4717177293,kkil*****,https://profile-phinf.pstatic.net/404/default.png?type=f80_80,5,,구성: 싱글세트(1개),,한달사용,한달사용미용하느라 장시간 서잇고 앉아잇고 어깨 목 너무 안좋응데 확실히 일주일쨔 써보니 효과있어서 주변에 입소문 내는중이에요!
REVIEW_ITEM_4715281149,ming******,https://profile-phinf.pstatic.net/404/default.png?type=f80_80,5,,구성: 싱글세트(1개),,,목이 좀 길어지는거 같아요. 폼롤러 쓰고 이것도 연달아 쓰면 뻐근하고 뭉친 목과 어깨가 다 펴져요 너무 시원하구 좋아요
REVIEW_ITEM_4704198480,moos******,https://profile-phinf.pstatic.net/404/default.png?type=f80_80,5,,예약주문: 4월17일부터 순차출고 / 구성: 싱글세트(1개),,,"우연히 유튜브 보고 주문했어요.
 오랫동안 목디스크로 고생하며 물주머니 목 견인기 서용해오고 있었어요. 이제품은 누워서 하니 훨 편하네요. 원리대로라면 목디스크가 좋아질거 같아요.
기대합니다. 제품 배송도 오래기다리지 않았고 제품도 탄탄하니 좋네요. 사장님의 솔직한 사연 고백(?) 에 더 신뢰가 가네요."
REVIEW_ITEM_4720782647,tune****,https://profile-phinf.pstatic.net/404/default.png?type=f80_80,5,,구성: 싱글세트(1개),,한달사용,한달사용경추 이완에 효과가 좋습니다. 늘 침대 옆에 있습니다.
REVIEW_ITEM_4719654319,poor****,https://phinf.pstatic.net/contact/profile/blog/72/14/poorin83.jpg?type=f76_76,3,,구성: 싱글세트(1개),,한달사용,한달사용사실 효과는 잘 모르겠어요 그냥 믿고 쓸수 밖엔
REVIEW_ITEM_4720492250,yang******,https://profile-phinf.pstatic.net/404/default.png?type=f80_80,5,,구성: 싱글세트(1개),,한달사용,한달사용써보고 좋아서 지인한테 선물했어요 완전좋아요
REVIEW_ITEM_4720063119,love*******,https://profile-phinf.pstatic.net/404/default.png?type=f80_80,5,,구성: 싱글세트(1개),,한달사용,"한달사용좋아요
거북목뻐근할때사용하면효과좋아요
자주사용하고있어요"
REVIEW_ITEM_4720812260,calv***,https://profile-phinf.pstatic.net/404/default.png?type=f80_80,5,,예약주문: 4월17일부터 순차출고 / 구성: 싱글세트(1개),,,왜 이제 샀나싶네요. 너무 시원하고 좋습니다.
REVIEW_ITEM_4707261538,on****,https://profile-phinf.pstatic.net/404/default.png?type=f80_80,5,,예약주문: 4월17일부터 순차출고 / 구성: 싱글세트(1개),,,"배송 빨리왔어요. 후기에 접는게 어렵다는 말이 많던데 바닥에 대고 양손으로 하면 잘 됩니다. 누워있을때 느낌은 특별할게 없는데 10분 하고나면 목이 시원하네요.
부담없이 쓸수 있고 가볍고 작아서 구매할만 합니다."
REVIEW_ITEM_4715015836,ljm3***,https://phinf.pstatic.net/contact/20250409_113/17441998282011fK2h_JPEG/KakaoTalk_20241230_142430246.jpg?type=f76_76,5,,예약주문: 4월17일부터 순차출고 / 구성: 싱글세트(1개),,,그간 여러 목 견인기를 써봤지만 복잡하기도 하고 손이 많이 가서 결국 잘 안쓰게 되었는데 이건 간단하게 쓸 수 있는 점이 제일 좋습니다 꾸준히 쓰고 있고 목이 편해졌습니다
REVIEW_ITEM_4702004743,hyon****,https://phinf.pstatic.net/contact/20210803_240/1627995246824u1rMB_PNG/profileImage.png?type=f76_76,5,,구성: 싱글세트(1개),,,"유튜브 숏츠에서 우연히 백지영님 추천 영상보고 본영상들도 정주행하고 사보게 됐어요ㅎㅎ 저는 최근에 처음 본 영상인데 작년에 핫해서 오래 기다리신 분들도 많았더라고요?
운좋게 주문 후 하루만에 받았고 오자마자 써봤는데 간단한 원리인데 시원했어요. 잘못 고정해서 다른 느낌의 통증이 생기긴 했는데 사용법이 익숙해지면 도움 많이 받을 것 같아요. 2번 써봤는데 벌써 선물으로 친구 사 주고 싶어요"
REVIEW_ITEM_4690408861,lioe***,https://phinf.pstatic.net/contact/20181208_245/15441981184188Ph7v_JPEG/image.jpg?type=f76_76,5,,구성: 싱글세트(1개),,한달사용,"한달사용저는 목디스크와  오른쪽 어깨 회전근 파열로 인해 병원에서 두달정도 약먹고 물리치료 중에 구입해서 사용중입니다 . 가장 큰변화는 이거 사용 하고는 진통제 없이도 생활 가능 합니다.  하고 안하고  일상생활 하는데  차이가 큽니다. 팔을 아예 어깨위로 들지도 못했는데  지금은 병원서 물리치료도 안하고 약도 안먹고 이것만 매일 합니다.  이걸 쓴다고 통증이 아주 없진 않아요. 저는 목디스크때문에 회전근 파열된 부분 부터 손가락 끝까지 통증이 있었고 진통제를 먹어도 너무 아프고 힘들어서 일상이 불가할정도였어요. 이거 하곤 통증이 아주 많이 줄었고 가끔 견인기를 올바르게 사용하지 않으면 아프기도 하지만  올바르게 사용하고  꾸준히 하니 확실히 팔을 움직일수도 있네요.  이거 쓰니 두통도 줄어들어서 잠자기도 많이 편해졌습니다. 틈틈히 목 디스크에 좋은 스트레칭 병행 하니 확실히 효과가 있습니다.

백지영씨 덕분에 좋은 회사가 살았네요 감사합니다. 
병원서 목 견인 매일 하는거보다 효과 빠르고 좋네요 ^^"
REVIEW_ITEM_4719517550,unlo******,https://profile-phinf.pstatic.net/404/default.png?type=f80_80,5,,구성: 싱글세트(1개),,한달사용,한달사용매일 사용은 아니지만 아플때마다 사용해주면 다음날 통증이 덜해서 유용하게 사용하고있습니다
REVIEW_ITEM_4719015841,umji********,https://phinf.pstatic.net/contact/20240909_131/1725847796652XFVI3_JPEG/image.jpg?type=f76_76,3,,구성: 싱글세트(1개),,한달사용,한달사용거북목 남편이 간간히 합니다~~ 목디스크 저도 해야겠어요!!
REVIEW_ITEM_4715143434,dhse******,https://phinf.pstatic.net/contact/20240310_187/1710055204783ElD7z_PNG/%C1%A6%B8%F1%C0%BB-%C0%D4%B7%C2%C7%D8%C1%D6%BC%BC%BF%E4_-001.png?type=f76_76,5,,예약주문: 4월17일부터 순차출고 / 구성: 싱글세트(1개),,,목에 대고 누워있으면 목이 편해지는 것 같아요~ 아직 더 써봐야겠지만 사용하는 데 어려움은 없어서 자주 사용해볼게요~
REVIEW_ITEM_4713291751,qkql****,https://profile-phinf.pstatic.net/404/default.png?type=f80_80,5,,예약주문: 4월17일부터 순차출고 / 구성: 싱글세트(1개),,,생각보다 배송이 빨랐고 효과는 계속 써봐야 알 것 같아요..잠깐 써봤을땐 목 피로가 없어지는 느낌은 있었어요!!
REVIEW_ITEM_4718044984,mans****,https://phinf.pstatic.net/contact/20231005_48/1696510831244Yg7H5_JPEG/%C1%B6%BF%EB%C7%D1%BD%C4%B4%E7.jpg?type=f76_76,5,,구성: 싱글세트(1개),,한달사용,한달사용요즘은 아플것 같거나 가끔해요 목아픔 걱정없이 든든해요
REVIEW_ITEM_4719510278,5323***,https://profile-phinf.pstatic.net/404/default.png?type=f80_80,5,,구성: 싱글세트(1개),,한달사용,"한달사용지~~~인짜 시원합니다
강추👍👍👍"
REVIEW_ITEM_4706865685,huij*****,https://phinf.pstatic.net/contact/20221222_262/1671670310128MzbAg_PNG/profileImage.png?type=f76_76,5,,구성: 싱글세트(1개),,한달사용,한달사용허리가 안 좋아서 목도 많이 안 좋은데 목 풀어줄 때 유용하게 잘 쓰고 있어요!
REVIEW_ITEM_4718038011,dbst********,https://profile-phinf.pstatic.net/404/default.png?type=f80_80,5,,구성: 싱글세트(1개),,한달사용,한달사용사용하고 목이 많이 편해졌어요 어깨도 가벼운 느낌이네요
REVIEW_ITEM_4715464422,kork******,https://profile-phinf.pstatic.net/404/default.png?type=f80_80,5,,예약주문: 4월17일부터 순차출고 / 구성: 싱글세트(1개),,,"목디스크가 있어서 견인용으로 샀는데
접어서 사용할때는 어려운편인데 시원해요
효과 있네요"
REVIEW_ITEM_4704567823,hun0***,https://phinf.pstatic.net/contact/20240108_92/17046777476075XF0H_JPEG/profileImage.jpg?type=f76_76,5,,예약주문: 4월17일부터 순차출고 / 구성: 싱글세트(1개),,,"목이랑 허리가 항상 아파서 힘들었는데
백지영 유튜브보다가 반신반의하며 샀어요
저녁에 목에 10분정도했는데 오늘 아침에 일어나니 숙여도 목이 확실히 덜아프네요 신기하네요^^너무좋습니다 
아참~허리 안좋은분들 허리에도 목에하듯이 한번 해보세요 허리도 쫙 펴주는거같아요  진작살걸 그랬어요~~대박!!  이제 매일 목,허리 10분씩 해줘야겠어요"
REVIEW_ITEM_4714306746,happ********,https://profile-phinf.pstatic.net/404/default.png?type=f80_80,5,,구성: 싱글세트(1개),,한달사용,한달사용날마다 5분정도 사용중인데 뒷목당김이 덜한것같아요 유튜브보고  설마하고  샀는데  목이 안아프니 일할때 편해요
REVIEW_ITEM_4707066016,n4****,https://profile-phinf.pstatic.net/404/default.png?type=f80_80,4,,구성: 싱글세트(1개),,,"목디스크로 불편함을 느낄 때가 있어서 이 제품을 접하고 더 나아지기를 바라며 구입했어요
전에 연예인이 사용하던것을 보고 눈여겨보다가 선택했습니다"
REVIEW_ITEM_4717863694,pppa*****,https://profile-phinf.pstatic.net/404/default.png?type=f80_80,5,,구성: 싱글세트(1개),,한달사용,한달사용자기전 누워 허리운동도함서 하니 좋아요.시원한기분여요
REVIEW_ITEM_4713646833,ksm8*****,https://profile-phinf.pstatic.net/404/default.png?type=f80_80,5,,구성: 싱글세트(1개),,한달사용,한달사용뻐근햇던 거북목이 편해지긴 햇는데 머리긴와이프는 잒 미끄러지네요 안미끄러워지는 부분을 덧대며느어떨까싶네요
REVIEW_ITEM_4721047874,91hy****,https://phinf.pstatic.net/contact/20220927_205/16642510055192NbrA_JPEG/image.jpg?type=f76_76,5,,구성: 싱글세트(1개),,한달사용,한달사용한달넘게 사용중이에요 목디스크 있는 남편이 사무직으로 일하다보면 매번 목아파서 병원다녔는데 지금은 아플 때마다 쭉 펴주니 괜찮다고 하네요! 광고 의심됐지만 이정도에도 충분히 만족합니다:) 감사히 잘 쓰고 있어요!!
REVIEW_ITEM_4713217198,bell****,https://phinf.pstatic.net/contact/79/2014/5/9/bellkick_1399619540850.jpg?type=f76_76,5,,구성: 싱글세트(1개),,한달사용,"한달사용목이 불편해서 일주일 바짝 썼는데
지금은 안쓰고 있습니다.
일주일 만에 목 아픈게 다 잡히는 바람에
안꺼내게 되더라구요.
암튼 효과 좋아요^^"
REVIEW_ITEM_4706856553,natu******,https://profile-phinf.pstatic.net/404/default.png?type=f80_80,4,,구성: 싱글세트(1개),,한달사용,"한달사용처음에 적응 안되서 힘들었는데,
워낙에 목이 안좋아서 참고 해봤는데
하다보니 시원한거 같아요
좀더 꾸준히 사용하면 좋을꺼같네요"
REVIEW_ITEM_4711849373,suns****,https://profile-phinf.pstatic.net/404/default.png?type=f80_80,5,,예약주문: 4월17일부터 순차출고 / 구성: 싱글세트(1개),,,"한살한살 먹을수록 의료기기만  구매..ㅋㅋ

유튜브 보자마자 구매했어요! 하루만 늦었어도 한달기다릴뻔!!!
완전 짱 시원하구여 같이 일하는 동생한테도 추천했어요! 뒷목 어깨 짱 시원!!"
REVIEW_ITEM_4705071351,mdl1***,https://profile-phinf.pstatic.net/404/default.png?type=f80_80,5,,예약주문: 4월17일부터 순차출고 / 구성: 싱글세트(1개),,,요즘 목뒤도 뻐근하고 거북목도 심해지는거 같아서 주문했습니다! 처음사용하니 뭔가 불편하고 사용후 더 뻐근한거 같았지만 익숙해지면 시원할거같습니다! 시간을 조금씩 늘리면서 사용해야할것같습니다.
REVIEW_ITEM_4720957322,ffk9***,https://profile-phinf.pstatic.net/404/default.png?type=f80_80,5,,구성: 싱글세트(1개),,한달사용,한달사용꾸준하게 하니 어깨면 목 시원해지고 통증도 줄었어요
REVIEW_ITEM_4717228451,jtr0***,https://profile-phinf.pstatic.net/404/default.png?type=f80_80,5,,구성: 싱글세트(1개),,한달사용,한달사용아침에  뻐근한데  10분 하구나면 왠지  시원하구  교정이 되는것같은 느낌입니다 저는 편안해지네요
REVIEW_ITEM_4720666972,choi*****,https://phinf.pstatic.net/contact/20250416_24/1744731133855RqMA9_JPEG/profileImage.jpg?type=f76_76,5,,구성: 싱글세트(1개),,한달사용,한달사용좋아요~~ 목 스트레칭되는 느낌에 시원해요~
REVIEW_ITEM_4720542450,pi****,https://profile-phinf.pstatic.net/404/default.png?type=f80_80,5,,구성: 싱글세트(1개),,한달사용,한달사용어깨가 저리길래 병원갔더니 목디스크 진단... 우연히 백지영 유튜브 보고 속는셈치고 해봤더니 저린게 바로 사라짐... 이거 진짜 좋네요..ㅎㄷㄷ 아침저녁으로 매일 해줍니다. 더불어 정선근교수님의 척추위생 동작도 함께해주세요
REVIEW_ITEM_4711972681,djat****,https://profile-phinf.pstatic.net/404/default.png?type=f80_80,4,,구성: 싱글세트(1개),,한달사용,한달사용목 어깨가 안 좋은 신랑사줬는데 사용을 제대로 못한건지 효과를 모르겠다네요 후기가 좋아서 기대했는데 자꾸 제품이 미끄러져 빠져요ㅎ;;
REVIEW_ITEM_4706516861,la****,https://phinf.pstatic.net/contact/20190907_229/1567782221806yLog1_JPEG/1.jpg?type=f76_76,3,,구성: 싱글세트(1개),,한달사용,한달사용최근 목 디스크로 정형외과 도수치료 받으면서 고생 중인데 친구 추천으로 구매해 보았습니다. 기대를 많이 했었는데 목이 긴 저에게는 큰 효과는 없는 것 같아요. 아쉽습니다.ㅠㅠ 그래도 가끔 뭐라도 괜찮아지겠지 하며 써보긴해요..
REVIEW_ITEM_4717219953,ca****,https://phinf.pstatic.net/contact/20230227_114/1677478827040KnwLK_JPEG/IMG_6554.JPG?type=f76_76,5,,구성: 싱글세트(1개),,한달사용,한달사용한달 됐는데 잘 쓰고 있어요 ㅎㅎ 좋아요 선물용으로도 괜찮은듯하네용
REVIEW_ITEM_4717272800,kmin***,https://profile-phinf.pstatic.net/404/default.png?type=f80_80,5,,구성: 싱글세트(1개),,한달사용,한달사용목디스크가 있어 꾸준히 사용 중입니다. 목이 펴지는 느낌이 있어서 열심히 사용 중입니다.
REVIEW_ITEM_4714676793,bnmn***,https://profile-phinf.pstatic.net/404/default.png?type=f80_80,5,,구성: 싱글세트(1개),,,"여러사람이 쓸수있고 목도 시원합니다.
교정을 해주는것같아 계속 사용하려합니다~~
버전도 두개로나눠져서  노멀과 하드용이라
좋습니다!"
REVIEW_ITEM_4704223853,tkrh****,https://profile-phinf.pstatic.net/404/default.png?type=f80_80,3,,예약주문: 4월17일부터 순차출고 / 구성: 싱글세트(1개),,,"생각보다 빨리왔다 싶었는데 박스 상태며 제품 비닐 접착 부분도 한번 떼었다 붙인 느낌이고 ㅎ
1회 사용 단순반품 제품을 보낸거 같아요
귀찮아서 그냥 쓸랍니다 효과는 좋겠죠 뭐
많이 파세요"
REVIEW_ITEM_4716061269,yvon********,https://profile-phinf.pstatic.net/404/default.png?type=f80_80,5,,예약주문: 4월17일부터 순차출고 / 구성: 싱글세트(1개),,,"어깨와 목에 긴장이 많은 상태였는데, 덕분에 목이 계속 길어지고 있습니다 ㅋㅋ 휴대성도 좋아요."
REVIEW_ITEM_4717383762,dn****,https://profile-phinf.pstatic.net/404/default.png?type=f80_80,5,,구성: 싱글세트(1개),,한달사용,"한달사용직장에서 늘 구부정하게 있어서 거북목에 두통도 있었는데 이걸 쓰고 나니 개운 합니다!
강추합니다"
REVIEW_ITEM_4714046601,yaba***,https://phinf.pstatic.net/contact/20200228_32/1582901035493Savbu_JPEG/%C5%A9%B1%E2%BA%AF%C8%AF_21021.JPG?type=f76_76,3,,구성: 싱글세트(1개),,한달사용,한달사용늘려주는 강도가 세더라구요 전 심하진않아서본인상태에 따라하심이 좋을거 같아요 좀더 써봐야 알거 같아요
REVIEW_ITEM_4712632489,wown****,https://profile-phinf.pstatic.net/404/default.png?type=f80_80,5,,예약주문: 4월17일부터 순차출고 / 구성: 싱글세트(1개),,,원래 목이 많이 뻐근하기도 했는데 사용하곤 좀 괜찮아진거같아요 저는 추천할만한 제품이라고 생각합니다
REVIEW_ITEM_4716002393,yu****,https://phinf.pstatic.net/contact/20201025_63/1603627791555vo58w_PNG/%C1%A6%B8%F1_%BE%F8%C0%BD.png?type=f76_76,5,,구성: 싱글세트(1개),,한달사용,"한달사용처음 써 보신 분들은 잉?하실 수도 있는데
눈이 번쩍 떠지는 자극은 없지만 사용하시다보면 목이 점점 편안해지는 게 느껴집니다"
REVIEW_ITEM_4716510595,dirt*****,https://phinf.pstatic.net/contact/20190817_54/1566023990825jCO5J_JPEG/JEPG___BLACK%29.jpg?type=f76_76,5,,구성: 싱글세트(1개),,한달사용,한달사용빠른 배송 감사합니다. 다음에도 주문하겠습니다.
REVIEW_ITEM_4680122999,mr****,https://profile-phinf.pstatic.net/404/default.png?type=f80_80,5,,구성: 싱글세트(1개),,한달사용,"한달사용넥가드닥터 NG100 한 달 사용 솔직 후기 – 목 건강을 위한 필수템!
평소 목디스크 초기 증상과 뻣뻣한 승모근 통증 때문에 고민이 많았는데, 목견인 치료가 도움이 된다는 이야기를 듣고 넥가드닥터 NG100을 구매했습니다. 한 달 동안 꾸준히 사용해보며 느낀 장점과 단점을 솔직하게 정리해보겠습니다.

📦 구성품 & 첫인상
✔ 넥가드닥터 NG100 본체 – 인체공학적 디자인으로 목을 안정적으로 받쳐줌 ✔ 손 펌프(공기 압 조절 가능) – 개인에 맞게 견인 강도를 조절 가능 ✔ 설명서 – 사용법이 자세히 나와 있어 초보자도 쉽게 따라 할 수 있음 첫인상은 견고하고 안정적인 느낌이었고, 사용법도 직관적이라 어렵지 않았습니다.

🔥 사용 후기 – 목 견인 효과 확실함!
✅ 목이 시원하게 펴지는 느낌 – 공기압을 조절하면서 천천히 늘려주면, 짧은 시간 안에 목과 어깨의 긴장이 완화되는 걸 느낄 수 있었습니다. ✅ 꾸준히 사용하면 뻣뻣함이 줄어듦 – 하루 10~15분씩 사용하면서 목디스크 증상이 있는 부분의 압박이 줄어드는 느낌이 들었고, 특히 책상 앞에서 오래 작업하는 분들에게 추천하고 싶습니다. ✅ 사용 방법이 간단하고 휴대성도 좋음 – 손쉽게 공기압을 조절할 수 있어서 강도를 내 몸에 맞출 수 있고, 가볍고 부피도 크지 않아 집에서도, 여행 중에도 사용 가능.

🎯 결론 – 목 건강 관리에 효과적인 제품!
한 달 동안 사용해보면서 목과 어깨의 긴장이 풀리는 효과를 확실히 경험할 수 있었습니다. 장시간 컴퓨터를 사용하는 직장인, 학생, 혹은 목디스크 초기 증상이 있는 분들에게 가성비 좋은 홈케어 치료기로 추천합니다."
REVIEW_ITEM_4709855687,zenn*****,https://phinf.pstatic.net/contact/20161023_41/1477214505641Ao5a8_JPEG/image.jpg?type=f76_76,5,,구성: 싱글세트(1개),,,"어깨 통증때문에 병원갔다가 거북목이라고해서 충격받던 차에 유튜브 쇼츠에서 보고 검색해서 구매했어요
적응하는데 좀 시간은 좀 걸리겠지만 가볍고 사용법이 간편해서 좋아요"
REVIEW_ITEM_4712234644,soop******,https://profile-phinf.pstatic.net/404/default.png?type=f80_80,4,,구성: 싱글세트(1개),,한달사용,"한달사용친구가 강추해서 샀는데 하고나면 시원해요
꾸준히 계속 쓴건 아니라 좀 더 써봐야 확실히 알겠어요
미끄러지며 쏙 빠져서 좀 불편해요"
REVIEW_ITEM_4704483120,ajoo******,https://profile-phinf.pstatic.net/404/default.png?type=f80_80,5,,구성: 싱글세트(1개),,,"아직 초반이라 잘 모르겠네요
다만 써보면 척추까지 느낌이 오는게
뭔가 반응이 있구나 생각은 됩니다
주기적으로 써보면 좀더 느낌이 오겠죠
불편함이나 문제는 없어보입니다
다만 여성분들 목위 잔머리가 있거나 헤어가 길면
미끄러지거나 찝혀서 불편해 하긴 하네요
암튼 만족합니다"
REVIEW_ITEM_4706484823,jyny***,https://phinf.pstatic.net/contact/20/2015/8/13/jynyang_1439401846516.jpg?type=f76_76,5,,구성: 싱글세트(1개),,한달사용,"한달사용물리치료 받는 거 중에 견인이 제일 좋았는데 요거 하니까 딱 똑같네요.
견인 치료기는 살짝 무서운데 이건 무섭지도 않고 손으로 살짝 조정도 가능하고 좋아요.
첨에 힘이 약해 구부리기 힘들었는데 지금은 요령생김.
스폰지 재질이라 상쳐가 좀 잘 남네요."
REVIEW_ITEM_4716967378,gmlw******,https://profile-phinf.pstatic.net/404/default.png?type=f80_80,5,,구성: 싱글세트(1개),,한달사용,"한달사용하루에 2번-3번정도 10분씩 사용하고 있는데 하고나면 목이 안아픕니다~~
매일 꾸준히 사용하면 효과 있는것 같아요!"
REVIEW_ITEM_4718354820,hell******,https://phinf.pstatic.net/contact/20200423_17/1587621490120eIY1F_JPEG/image.jpg?type=f76_76,5,,구성: 싱글세트(1개),,한달사용,한달사용악력이 쎄야할 것 같아요. 잘 쓰고 있습니다.
REVIEW_ITEM_4713050146,un****,https://phinf.pstatic.net/contact/20220717_43/1658040027029XyTip_JPEG/KakaoTalk_20220707_231652052_03.jpg?type=f76_76,5,,구성: 싱글세트(1개),,,머리에 거는게 어려웠는데 계속 쓰다보니 좋아져요! 십분정도 하고나면 목뒤로 피가 도는 느낌이예요
REVIEW_ITEM_4713798436,2m****,https://phinf.pstatic.net/contact/profile/blog/84/30/2maeil.jpg?type=f76_76,5,,예약주문: 4월17일부터 순차출고 / 구성: 싱글세트(1개),,,"아직 노하우가 더 필요한듯하네요. 잠깐 얻어걸려서 잘됐을때 너무 시원했어요
일자목인대 견인치료가 잘되길"
REVIEW_ITEM_4715235588,read********,https://profile-phinf.pstatic.net/404/default.png?type=f80_80,5,,예약주문: 4월17일부터 순차출고 / 구성: 싱글세트(1개),,,"왠만하면 퇴근후 십분정도 사용하고있습니다.
한날과 안한날의 차이가 확연히 느껴집니다.
후기보고 속는셈치고 구매했는데 
구매하길 잘했네요:)"
REVIEW_ITEM_4720841744,leej****,https://phinf.pstatic.net/contact/20200506_74/15887322731621lnqi_PNG/avatar_profile.png?type=f76_76,4,,예약주문: 4월17일부터 순차출고 / 구성: 싱글세트(1개),,,아직까진 잘 모르겟지만 꾸준히 써볼 생각입니다
REVIEW_ITEM_4718075749,hayp***,https://phinf.pstatic.net/contact/20250418_271/1744935671192wN56Y_PNG/profileImage.png?type=f76_76,5,,예약주문: 4월17일부터 순차출고 / 구성: 싱글세트(1개),,,아직 적응 단계라 접기 어렵지만 사용하고 나서 목 부분 저림이 나아졌어요.
REVIEW_ITEM_4720785636,cpfl***,https://phinf.pstatic.net/contact/20200827_271/159849842857707sS3_PNG/profileImage.png?type=f76_76,5,,구성: 싱글세트(1개),,한달사용,한달사용목이 시웡해요 디스크 빨리 회복되었음좋겠어요
REVIEW_ITEM_4711650375,wkdt******,https://phinf.pstatic.net/contact/20240530_117/1717044646758vGUaf_JPEG/profileImage.jpg?type=f76_76,3,,예약주문: 4월17일부터 순차출고 / 구성: 싱글세트(1개),,,"사실 이게
효과가 있는지는 잘 모르겠어요 .. ㅋㅋ 
뭔가 시원하다는 느낌도 모르겠고 
근데 일단 목이 안좋으니까 가지고 있고 꾸준히 써보려구요"
REVIEW_ITEM_4718611079,dito****,https://profile-phinf.pstatic.net/404/default.png?type=f80_80,5,,예약주문: 4월17일부터 순차출고 / 구성: 싱글세트(1개),,,"매일저녁 자기전 루틴처럼 사용하고있어요
안마받는거보다 훨~씬 시원해요"
REVIEW_ITEM_4720320818,kore******,https://profile-phinf.pstatic.net/404/default.png?type=f80_80,5,,구성: 싱글세트(1개),,,아직은 좋은줄 모르겠는데 차차 써보고 좋겠지요
REVIEW_ITEM_4702311879,lk****,https://profile-phinf.pstatic.net/404/default.png?type=f80_80,5,,구성: 싱글세트(1개),,,사고 난 후 에 한 이주정도 사용하고 리뷰 씁니다. 이거 10분하고 나면 다음날 목이 좀 덜아픈거 같아요 사무직이여서 앉아서 컴푸터만 보느라고 목이 되게 뻐근한데 10분만 해도 목이 되게 시원하고 좋아서 매일매일 사용중입니다. 유튜브에서 우연히 떠서 사봤는데 진짜 강추에요 엄청 시원해서 계속 누워있고 싶더라고요!
REVIEW_ITEM_4720795636,wntj*****,https://profile-phinf.pstatic.net/404/default.png?type=f80_80,5,,구성: 싱글세트(1개),,한달사용,"한달사용목디스크 가 있어서 잘때 저림증상있었는데...
없어졌어요~~^^"
REVIEW_ITEM_4704707694,hyun********,https://phinf.pstatic.net/contact/20240125_101/1706179389142pIJqQ_JPEG/20141102_165639.jpg?type=f76_76,5,,구성: 싱글세트(1개),,한달사용,"한달사용한달이 지나니 더 좋네요.
매일 사용하지 않아도 어깨가 풀려 있어요.
이제는 필요할때만 사용하는데 필라테스에서 자세를 잘못해서 어깨가 뭉칙도 하고 책이나 핸드폰을 고정된 자세로 오래 보면 목이 뻣뻣해졌을때 바로 사용합니다
그러면 다음날 가뿐해져요.
효자템!"
REVIEW_ITEM_4708085056,csb1***,https://phinf.pstatic.net/contact/20220310_136/1646843779351pSSSE_PNG/%B4%EB%C1%F6_1.png?type=f76_76,5,,구성: 싱글세트(1개),,,"백지영님이 좋다해서 샀는데 진짜좋네요
시원합니다
대신 좀 미끄러운게있어요! ㅠㅠ 일부로 살짝 뉴르지않으면 팡 하고 다시펴지네요 미끄럼방지도 추가해줬으면 좋겠습니다 ㅠㅠ 너무아쉬워요"
REVIEW_ITEM_4711849798,hgs7***,https://profile-phinf.pstatic.net/404/default.png?type=f80_80,5,,구성: 싱글세트(1개),,한달사용,"한달사용반신반의 하면서 사용했는데 
확실히 하고나서 목이 덜 아파요
이제 없으면 안될 필수품입니다
매일 꾸준히 하니까 효과있어요"
REVIEW_ITEM_4716693667,yhy0***,https://profile-phinf.pstatic.net/404/default.png?type=f80_80,5,,구성: 싱글세트(1개),,한달사용,한달사용배송이빨랐어요 재구매의사있습니다.
REVIEW_ITEM_4715306496,amye***,https://profile-phinf.pstatic.net/404/default.png?type=f80_80,5,,구성: 싱글세트(1개),,,사용방법이 간편해서 너무 좋어요. 이동할때도 부담없이 가지고 다닐 수 있네요~
REVIEW_ITEM_4700104901,hebi***,https://profile-phinf.pstatic.net/404/default.png?type=f80_80,4,,구성: 싱글세트(1개),,,뭔가 묘해요. 별 효과없는것 같다가 또 안한거보단 나은것같고...남편은 덩치가 있고 목이짧아서인지 할줄을 아예 몰라요 ㅋㅋㅋ 옆에서 도와줘도 어려워해요. 각이 안나온다고 해야하나...안정적인 자세를 영 하지 못하고 벌어져서 무너진다고 해야하나...아무튼 안맞아서 저만 가끔 써요. 돈아까워서 ㅠㅠ
REVIEW_ITEM_4703391342,demi***,https://profile-phinf.pstatic.net/404/default.png?type=f80_80,5,,구성: 싱글세트(1개),,,"거북목에 좋아요. 첨에 잘 못해서 별로?인거같다  했는데  이건 자기목에 맞게 요리조리 좀 움직여서 느낌을 찾아야해요. 그럼 스트레칭해주는것처럼 어깨도 같이 시원해지네요.
저는 제다로 찾아서 하루10분 해주고있는데 남편은 그닥~이라구해요. 그래도 몇번더 해보라구하려구요."
REVIEW_ITEM_4717402793,clea*****,https://profile-phinf.pstatic.net/404/default.png?type=f80_80,4,,구성: 싱글세트(1개),,한달사용,한달사용추천받아서 샀는데 신경이나 목이 좀 눌리는 느낌이 있는 분들께 좋을 것 같아요.
REVIEW_ITEM_4692235429,py****,https://profile-phinf.pstatic.net/404/default.png?type=f80_80,4,,구성: 싱글세트(1개),,,"가볍고 접기만 하면되서 사용법도 간단하니 좋네요.
엄마 사드린건데 엄마는 고정이 좀 어렵다고 하시네요. 지금 통증이 심하셔서 바로 누워서 가만히 있기 어려우신 상태신데요. 그래서 고정이 안되는거 같아요.(저랑 아빠는 고정 잘 됐어요.)
요 아이는 통증이 심해서 가만히 누워있기 힘든 분보다는 어느정도 통증이 가라앉으신 분들이 사용하시는게 고정도 잘되고 좋을 것 같아요.
제가 테스트로 써봤는데 잠시만 했는데도 목이 시원하게 늘어나는 느낌이었습니다."
REVIEW_ITEM_4714252812,sohn****,https://phinf.pstatic.net/contact/20231109_88/1699535510246UPa6j_JPEG/DSC05932.jpeg?type=f76_76,5,,구성: 싱글세트(1개),,한달사용,"한달사용한 달 동안 아주 만족하며 사용하고 있습니다.
교정이 되면서 통증도 많이 좋아지고
휴대성도 좋아서 어딜 가도 꼭 챙겨서 쓸 정도입니다."
REVIEW_ITEM_4710488911,yyjj****,https://profile-phinf.pstatic.net/404/default.png?type=f80_80,5,,예약주문: 4월17일부터 순차출고 / 구성: 싱글세트(1개),,,"너무 만족합니다 다른 목 아픈 사람에게 강추해요
견인 강도도 이정도면 괜찮고 꾸준히 하루에 십븐만 사용해도 목에 통증은 절감되는거 같아요"
REVIEW_ITEM_4720834978,goda***,https://profile-phinf.pstatic.net/404/default.png?type=f80_80,5,,구성: 싱글세트(1개),,,목이 아파 구매했는데 잘 사용하고 있습니다.
REVIEW_ITEM_4716816681,ombr*******,https://profile-phinf.pstatic.net/404/default.png?type=f80_80,5,,예약주문: 4월17일부터 순차출고 / 구성: 싱글세트(1개),,,와 정말 좋습니다 사용 하기도 편하고 무게감 안느껴지는 무게와 전체적으로 다 마음에 드네요
REVIEW_ITEM_4703194409,diva***,https://phinf.pstatic.net/contact/20230814_185/16919950729004K4Rk_PNG/%BB%A1%B0%AD%B8%D3%B8%AE%BE%D82.png?type=f76_76,5,,예약주문: 4월17일부터 순차출고 / 구성: 싱글세트(1개),,,"백지영님 유튜브 보고 구매했어요.
얼마 전까지 일자목 때문에 두통, 어깨 통증, 팔, 손 저림 때문에 많은 돈 들여 도수치료까지 받았어요.
방금 받아서 누워서 넥가드 사용해봤는데 시원하네요. 부지런히 해서 목 통증 완화되길 기대해볼게요!
많은 분들이 사 주셔서 저는 4월 11일에 주문해서 주말끼고 4월 15일에 수령했습니다😀👍"
REVIEW_ITEM_4705134095,ekdb*****,https://profile-phinf.pstatic.net/404/default.png?type=f80_80,3,,예약주문: 4월17일부터 순차출고 / 구성: 싱글세트(1개),,,"닦아도 지워지지 않은 자국이 넓게 한면에 묻어져서 왔네요 반품 하려다가 사용하는데는 문제는 없으나
무슨 중고 받은 느낌이라 기분이 좋지 않네요 제품 검수 제대로 해서 보내야 할듯 합니다  사진은 옅게 나오지만 생각보다 이염인지 오염인지 진해요"
REVIEW_ITEM_4713211431,sw****,https://phinf.pstatic.net/contact/20200414_49/1586850375422k3CG3_JPEG/profileImage.jpg?type=f76_76,5,,구성: 싱글세트(1개),,,"유튜브 보고 구매했어요 목이 시원한 느낌이 들긴 하는데 좀 어렵네요 사용하기가
익숙해지면 잘사용할듯합니다~"
REVIEW_ITEM_4710465772,ko****,https://profile-phinf.pstatic.net/404/default.png?type=f80_80,5,,예약주문: 4월17일부터 순차출고 / 구성: 싱글세트(1개),,,"사용후기.
본인은 스스로 거북목은 아니라 칭호하나. 어깨 걸림등 몇년을 고생하며 살고 있음(거북목 중기 단계)
베개 유목민 생활을 접고 운명으로 받아드리려던 찰나에 넥가드 닥터를 만남.
1. 목에 깁스마냥 두르고 에어 넣고 기타등등 복잡하지 않음
2. 필요한 부분만 접촉하여 잡아주는 듯한 시원함
3. 자고 일어나서 알람끄고 10분만 더자야지 할때 사용하면 극강 효율
4. 현재 어때 목 등 담이 아직 까지 없음
5. 습관처럼 목에 뼈소리 내는 습관 개선됨 
단점.
1. 최초 제품 목에 착용전 접을때 가이라인이 없어서 쫄림

끝"
REVIEW_ITEM_4714310771,asyc*****,https://profile-phinf.pstatic.net/404/default.png?type=f80_80,4,,예약주문: 4월17일부터 순차출고 / 구성: 싱글세트(1개),,,"제 목디스크 때문에 샀는데 남편이 더 잘써요 ㅋㅋ
잘은 모르겠지만 조금이라도 효과있길 바래요"
REVIEW_ITEM_4711117439,tpdk***,https://profile-phinf.pstatic.net/404/default.png?type=f80_80,5,,예약주문: 4월17일부터 순차출고 / 구성: 싱글세트(1개),,,"처음에 좀 굽히기 힘들지만 길들여지곤 괜찮네요
사용주의사항으로 잠들지말라하는데 목이 시원해서 잠이 솔솔오는 문제가...ㅎㅎㅎ 추천합니다👍"
REVIEW_ITEM_4715754227,kh****,https://profile-phinf.pstatic.net/404/default.png?type=f80_80,5,,구성: 싱글세트(1개),,,"백지영님한테 영업 당해서 샀고, 정말 목을 서서히 펴줘서 하고 나면 뭔가 목이 가벼워진 것 같고 시원한 느낌이 듭니다."
REVIEW_ITEM_4711900053,nadl*****,https://profile-phinf.pstatic.net/404/default.png?type=f80_80,5,,구성: 싱글세트(1개),,,목을 숙이고 하는 직업때문에 목이 자주 결리고 아픈데요. 이 제품 쓰고난 이후부터는 목이 신기하게 안아프네요! 진짜 만족하고 있어요~
REVIEW_ITEM_4706982463,dmg4***,https://profile-phinf.pstatic.net/404/default.png?type=f80_80,5,,구성: 싱글세트(1개),,한달사용,한달사용목이 뻐근할때마다 했는데 시원하니 좋아요
REVIEW_ITEM_4704566112,mist****,https://phinf.pstatic.net/contact/20250107_115/1736243776867jyoN8_JPEG/titleimage_cached.jpg?type=f76_76,5,,예약주문: 4월17일부터 순차출고 / 구성: 싱글세트(1개),,,허리디스크 진단받았는데 목도 좀 뻐근해서 사봤습니다 첨 할때 계속 펴지려고 해서 이게 맞나 계속 팸플릿 봤네요 5분 하고나니 목이 좀 편해진 느낌? 계속 써봐야겠어요
REVIEW_ITEM_4716593528,fora****,https://profile-phinf.pstatic.net/404/default.png?type=f80_80,5,,구성: 싱글세트(1개),,한달사용,한달사용한달동안 잘쓰고있습니다. 아쉬운점 없이 좋아요
REVIEW_ITEM_4717998098,gust*******,https://phinf.pstatic.net/contact/20220820_272/1660959229546r3nTe_JPEG/410CC3FE-7FB4-4BC0-A76F-8F663B9D3C41.jpeg?type=f76_76,5,,구성: 싱글세트(1개),,한달사용,한달사용저희 남편이 거북목이 심해서 매일매일 10분동안 하라고 하는데 목이 정말 시웡하대요
REVIEW_ITEM_4719338354,00****,https://profile-phinf.pstatic.net/404/default.png?type=f80_80,5,,구성: 싱글세트(1개),,한달사용,한달사용배송이 빨라서 좋았어요 감사합니다
REVIEW_ITEM_4708292238,wkdw*******,https://profile-phinf.pstatic.net/404/default.png?type=f80_80,4,,예약주문: 4월17일부터 순차출고 / 구성: 싱글세트(1개),,,사용한지 며칠 되었는데 크게 도움이 되는지는 잘 느껴지지 않습니다. 하고 있을때 생각보다 편해요 그래서 과연 큰 효과가 있을지 더 사용해봐야 알것 같습니다.
REVIEW_ITEM_4718496993,mjch*****,https://profile-phinf.pstatic.net/404/default.png?type=f80_80,5,,예약주문: 4월17일부터 순차출고 / 구성: 싱글세트(1개),,,아직 사용하는 방법이 익숙하진 않지만 가족 모두 잘 사용중입니다
REVIEW_ITEM_4712153838,skdu*****,https://profile-phinf.pstatic.net/404/default.png?type=f80_80,5,,구성: 싱글세트(1개),,한달사용,한달사용거북목이 심해서 사용중인데 일단 사용하면 어깨가 유연해지는? 그런 느낌이 있어서 꾸준히 사용하게됩니다 만족해요
REVIEW_ITEM_4720268873,saer*****,https://profile-phinf.pstatic.net/404/default.png?type=f80_80,5,,구성: 싱글세트(1개),,한달사용,한달사용유명해서 사봤는데 목 많이 괜찮아졌어요
REVIEW_ITEM_4701766367,seal****,https://phinf.pstatic.net/contact/20190102_181/1546427464148OQwsE_JPEG/profileImage.jpg?type=f76_76,4,,구성: 싱글세트(1개),,,"배송빨라서 주문하고 다음날 바로받았습니다!
사용하루차라 아직 효과는 모르겠지만 꾸준히 사용해보고 추가로 구매하고싶은 의향 있어요.
사용법에서 처음 사용시 느낄수있는점이나 불편한점등에 대해 꼼꼼히 적어주셔서 특히 도움이 많이 되었습니다 🧡
잘쓰겠습니다."
REVIEW_ITEM_4707273135,puri*****,https://profile-phinf.pstatic.net/404/default.png?type=f80_80,5,,구성: 싱글세트(1개),,,아주 오랫동안 목디스크로 고생중이라서 좋다고하는 것들은 죄다 사용해봤습니다. 넥가드는 다른것들보다 사용편의성과 활용성이 좋은것 같습니다. 이번 여행때도 가져가서 수시로 사용했네요.
REVIEW_ITEM_4718622836,feel******,https://profile-phinf.pstatic.net/404/default.png?type=f80_80,4,,구성: 싱글세트(1개),,한달사용,한달사용쓰는방법이 어렵네요ㅜ 연습해야겠어요
REVIEW_ITEM_4719173223,dldm*******,https://profile-phinf.pstatic.net/404/default.png?type=f80_80,5,,구성: 싱글세트(1개),,한달사용,한달사용많이 호전된거같아요 이틀에 한번은 사용합미나
REVIEW_ITEM_4714138326,swee*******,https://phinf.pstatic.net/contact/20200514_222/15894550997671yfDa_JPEG/image.jpg?type=f76_76,4,,구성: 싱글세트(1개),,한달사용,한달사용목에서 잘 빠지는데 사용법을 숙지를 못한걸까요ㅜㅜ 그래도 꾸준히 사용해볼랍니다
REVIEW_ITEM_4706230935,sool******,https://profile-phinf.pstatic.net/404/default.png?type=f80_80,5,,예약주문: 4월17일부터 순차출고 / 구성: 싱글세트(1개),,,"요즘 목디스크 때문에 우울한 날들이였는데 소문 듣고 사서 써보니 정말 좋습니다.
엄마한테도 선물 하려고 더 주문했어요.
처음 3일 정도는 살짝 더 불편한 느낌이 들었는데 몇일 꾸준히 해주니 지금은 너무 편해졌어요."
REVIEW_ITEM_4716910684,xuem******,https://phinf.pstatic.net/contact/20250221_83/1740143947733eUxjB_JPEG/KakaoTalk_20250219_225755192.jpg?type=f76_76,4,,구성: 싱글세트(1개),,한달사용,"한달사용괜찮은것 같아요. 
드라마틱한 효과는 잘 모르겠네요"
REVIEW_ITEM_4716469153,aabb********,https://profile-phinf.pstatic.net/404/default.png?type=f80_80,4,,구성: 싱글세트(1개),,한달사용,한달사용목이  가벼워진거 같아서 잘구매한거 같네요.
REVIEW_ITEM_4719906644,gole***,https://profile-phinf.pstatic.net/404/default.png?type=f80_80,5,,구성: 싱글세트(1개),,한달사용,한달사용생각날때 5분씩 하는데 목 아프던게 좋아졌어요.
REVIEW_ITEM_4718265203,yjuc***,https://profile-phinf.pstatic.net/404/default.png?type=f80_80,5,,구성: 싱글세트(1개),,재구매,재구매한달사용당장 좋아지는 게 아니라 꾸준히 하다보면 효과가 있어요
REVIEW_ITEM_4720070820,noct********,https://profile-phinf.pstatic.net/404/default.png?type=f80_80,5,,구성: 싱글세트(1개),,한달사용,한달사용목이 뻐근했는데 하고나면 정말 시원합니다
REVIEW_ITEM_4717014853,de****,https://profile-phinf.pstatic.net/404/default.png?type=f80_80,4,,예약주문: 4월17일부터 순차출고 / 구성: 싱글세트(1개),,,사용해보니 시원하니 좋아요
REVIEW_ITEM_4718775103,13****,https://phinf.pstatic.net/contact/profile/blog/79/16/131ldm.jpg?type=f76_76,5,,구성: 싱글세트(1개),,한달사용,한달사용첨엔 사용이 힘들었는데 좀 하다보니 정말 편합니다
REVIEW_ITEM_4720738218,mint*****,https://phinf.pstatic.net/contact/20210907_260/1631001727003r5pEh_JPEG/profileImage.jpg?type=f76_76,5,,구성: 싱글세트(1개),,한달사용,한달사용확실히쓰고나면목뒤가시원합니다
REVIEW_ITEM_4717160084,qufs***,https://profile-phinf.pstatic.net/404/default.png?type=f80_80,5,,구성: 싱글세트(1개),,,사용한 날은 시원하게 좋아요. 꾸준히 사용해봐야겠어요~!
REVIEW_ITEM_4715369299,chee*****,https://profile-phinf.pstatic.net/404/default.png?type=f80_80,5,,구성: 싱글세트(1개),,한달사용,한달사용오 좋아요 만성목디스크라 안해본게 없는데 견인효과있어요
REVIEW_ITEM_4705390332,ldk9***,https://phinf.pstatic.net/contact/20231017_96/1697535521818OSTDD_JPEG/160209_21.jpg?type=f76_76,5,,예약주문: 4월17일부터 순차출고 / 구성: 싱글세트(1개),,,솔직히 백지영 쇼츠보고 혹해서 산건 맞는데 가격대도 있어서 주문하고 환불할까 고민했는데 한 번 써보고 나서 너무 시원하고 좋아서 바로 구매확정함... 매일 자기 전이나 아침에 한 번씩 하면 하루동안 목 아플 일이 없음
REVIEW_ITEM_4720752902,unle****,https://profile-phinf.pstatic.net/404/default.png?type=f80_80,5,,구성: 싱글세트(1개),,한달사용,한달사용목디스크 걸린 사람한테 좋은것 같아요~~
REVIEW_ITEM_4719930947,tw****,https://profile-phinf.pstatic.net/404/default.png?type=f80_80,5,,구성: 싱글세트(1개),,한달사용,한달사용이걸로 스트레칭하면 목뻐근한게 풀려요
REVIEW_ITEM_4719091068,b0****,https://profile-phinf.pstatic.net/404/default.png?type=f80_80,4,,구성: 싱글세트(1개),,한달사용,"한달사용일자목으로 고통 받고 있었는데
시원하고  좋으네요"
REVIEW_ITEM_4703348173,meen****,https://profile-phinf.pstatic.net/404/default.png?type=f80_80,4,,구성: 싱글세트(1개),,,"배송은 빨라요
생각보다 사용하기가 힘들었어요
목에 힘이 많이들어가고 자꾸 펴지더라구요
사용하다보면 나아질거라 생각해요"
REVIEW_ITEM_4718858071,sens***********,https://profile-phinf.pstatic.net/404/default.png?type=f80_80,5,,예약주문: 4월17일부터 순차출고 / 구성: 싱글세트(1개),,,길들이기 시간 걸릴거같은데 한 번 잘 써보겟습니다.
REVIEW_ITEM_4704794959,mign****,https://profile-phinf.pstatic.net/404/default.png?type=f80_80,4,,예약주문: 4월17일부터 순차출고 / 구성: 싱글세트(1개),,,정성어린 편지에 진심이 담겨있는거 같고 편지내용처럼 첨에 이게 뭐지 하고 아직 적응되진 않았지만 신뢰가 느껴져서 믿고 써보기로 했어요 편지 감사합니다 말씀대로 제 하루생활의 필수품으로 자리잡을수 있길 바래요
REVIEW_ITEM_4709735587,luna******,https://profile-phinf.pstatic.net/404/default.png?type=f80_80,5,,예약주문: 4월17일부터 순차출고 / 구성: 싱글세트(1개),,,"사용하기 어렵지 않고 가벼워서 어디든 가지고 다니기 편할거 같아요. 
잠들지 않도록 주의하라는 문구가 있었는데... 왜 그런지 한번 써보고 바로 알게 되었습니다. 
첨이라 제대로 지지를 한건가... 싶었는데 
어느순간 저도 모르게 견인기를 목뒤에 두고 누운지 얼마안되서 사르르 잠이 오더라구요. 
정말 깜박 졸게 되었는데, 다른 가족도 써보고 똑같은 현상이 ㅋㅋㅋ
그리고 정성스레 작성하신 안내문도 잘 읽어보았습니다. 
뭔가 뭉클했어요. 좋은 일 가득하시기 바랍니다."
REVIEW_ITEM_4719908163,ropo****,https://profile-phinf.pstatic.net/404/default.png?type=f80_80,5,,구성: 싱글세트(1개),,한달사용,한달사용받아봤을때 이게 뭐지 싶었는데 좋습니다
REVIEW_ITEM_4720446835,kimh***,https://phinf.pstatic.net/contact/20230918_62/1695021074329Bcczr_PNG/%C8%AD%B8%E9_%C4%B8%C3%B3_2023-09-18_161050.png?type=f76_76,5,,구성: 싱글세트(1개),,한달사용,한달사용꾸준히 하려고 노력중이예요 좋아요
REVIEW_ITEM_4720037118,lsh1*****,https://phinf.pstatic.net/contact/20170531_25/1496222731910BriaY_PNG/avatar_profile.png?type=f76_76,5,,구성: 싱글세트(1개),,한달사용,"한달사용흰색부분, 회색부분 번갈아가며 잘 사용하고 있어요."
